cohort_month,0,1,2,3,4,5,6,7,8,9,10,11,12,13,14,15,16,17,18,19,20,21,22,23,24,25,26,27,28,29,30,31,32,33,34,35
2023-01,100.0,23.132036847492323,17.14431934493347,14.73899692937564,14.022517911975434,12.33367451381781,12.794268167860798,12.640736949846469,12.384851586489253,13.766632548618219,12.99897645854657,13.613101330603888,12.436028659160696,12.99897645854657,12.231320368474924,12.48720573183214,12.48720573183214,12.282497441146365,12.33367451381781,13.30603889457523,12.743091095189355,11.924257932446263,13.817809621289662,11.821903787103377,15.455475946775845,13.766632548618219,13.203684749232345,13.510747185261001,13.971340839303991,12.026612077789151,12.947799385875127,13.510747185261001,14.790174002047083,14.687819856704195,11.719549641760493,13.766632548618219
2023-02,100.0,15.818281335522716,12.479474548440066,11.822660098522167,14.17624521072797,14.066776135741655,13.683634373289546,13.24575807334428,13.902572523262178,13.355227148330599,12.91735084838533,12.096332785987958,11.822660098522167,13.738368910782702,11.603721948549534,14.285714285714285,12.260536398467432,13.081554460864805,14.449917898193759,14.77832512315271,12.588943623426383,12.205801860974274,12.424740010946907,14.285714285714285,11.16584564860427,13.409961685823754,13.355227148330599,13.464696223316913,13.902572523262178,12.151067323481117,12.643678160919542,13.026819923371647,13.191023535851121,11.548987411056375,13.902572523262178,
2023-03,100.0,12.177650429799428,12.65520534861509,13.56255969436485,12.51193887297039,12.320916905444127,12.79847182425979,13.132760267430754,11.986628462273162,12.559694364851959,13.705826170009553,12.94173829990449,12.464183381088825,13.228271251193888,12.12989493791786,13.61031518624642,13.32378223495702,12.607449856733524,12.320916905444127,13.03724928366762,12.368672397325692,11.461318051575931,13.56255969436485,11.318051575931232,12.893982808022923,12.607449856733524,12.893982808022923,13.32378223495702,12.464183381088825,12.416427889207258,11.2225405921681,12.65520534861509,14.326647564469914,14.231136580706782,,
2023-04,100.0,14.277899343544858,12.800875273522976,14.442013129102845,12.472647702407002,13.62144420131291,12.472647702407002,12.417943107221006,13.019693654266959,12.36323851203501,13.62144420131291,13.730853391684903,11.87089715536105,12.36323851203501,12.910284463894966,13.238512035010942,13.183807439824946,14.113785557986871,12.800875273522976,12.527352297592998,13.019693654266959,12.964989059080963,12.308533916849015,12.527352297592998,13.949671772428884,13.238512035010942,13.402625820568929,12.25382932166302,12.800875273522976,13.402625820568929,13.785557986870897,12.910284463894966,12.800875273522976,,,
2023-05,100.0,12.964090079123554,12.842361533779673,12.233718807060255,14.242239805234327,13.511868533171029,13.755325623858795,13.329275715155203,12.294583079732197,12.172854534388314,13.451004260499086,14.30310407790627,12.781497261107729,12.35544735240414,13.146682897139378,14.120511259890446,13.816189896530737,12.964090079123554,12.903225806451612,13.024954351795495,12.781497261107729,13.146682897139378,12.903225806451612,12.598904443091904,12.35544735240414,10.407790626902008,12.659768715763848,12.172854534388314,12.903225806451612,13.633597078514912,12.903225806451612,12.477175897748022,,,,
2023-06,100.0,12.941176470588237,12.0,12.156862745098039,12.0,13.333333333333334,14.117647058823529,12.784313725490195,14.274509803921568,13.96078431372549,11.607843137254902,13.725490196078432,12.705882352941176,12.941176470588237,13.80392156862745,12.313725490196079,15.215686274509805,13.96078431372549,13.019607843137255,12.862745098039216,12.784313725490195,14.823529411764705,12.549019607843137,12.941176470588237,12.862745098039216,13.333333333333334,13.333333333333334,11.92156862745098,13.098039215686274,11.843137254901961,12.549019607843137,,,,,
2023-07,100.0,12.933753943217665,13.32807570977918,11.750788643533124,12.53943217665615,12.22397476340694,13.406940063091483,10.804416403785488,12.381703470031544,11.829652996845425,14.826498422712934,12.381703470031544,12.854889589905364,12.697160883280755,12.53943217665615,13.170347003154575,12.066246056782335,10.725552050473187,13.485804416403784,12.066246056782335,13.406940063091483,12.697160883280755,13.170347003154575,13.958990536277602,13.09148264984227,11.593059936908517,12.46056782334385,13.485804416403784,12.854889589905364,12.618296529968454,,,,,,
2023-08,100.0,11.400966183574878,14.589371980676328,12.46376811594203,12.46376811594203,12.367149758454106,11.014492753623188,14.396135265700483,12.85024154589372,15.169082125603865,14.589371980676328,14.879227053140095,13.043478260869565,13.236714975845409,11.690821256038648,11.497584541062803,12.367149758454106,13.816425120772946,11.787439613526569,13.14009661835749,13.91304347826087,13.91304347826087,12.270531400966183,13.623188405797102,12.946859903381641,13.14009661835749,11.787439613526569,13.526570048309178,12.85024154589372,,,,,,,
2023-09,100.0,15.366705471478465,11.990686845168801,12.339930151338766,13.969732246798602,13.38766006984866,13.154831199068685,12.922002328288706,13.62048894062864,13.38766006984866,12.805587892898721,14.318975552968569,13.38766006984866,13.50407450523865,13.62048894062864,12.689173457508732,13.154831199068685,13.736903376018628,12.689173457508732,13.038416763678695,14.90104772991851,12.572759022118744,13.62048894062864,15.48311990686845,14.551804423748546,13.50407450523865,10.360884749708964,12.689173457508732,,,,,,,,
2023-10,100.0,13.436385255648037,12.72294887039239,13.079667063020214,12.48513674197384,12.841854934601665,10.820451843043994,13.198573127229487,13.674197384066588,12.960760998810938,13.674197384066588,12.366230677764566,12.841854934601665,13.198573127229487,14.863258026159334,12.247324613555291,12.009512485136742,14.74435196195006,13.555291319857313,13.436385255648037,14.982164090368608,15.338882282996433,15.101070154577883,14.030915576694412,14.149821640903687,13.674197384066588,12.604042806183116,,,,,,,,,
2023-11,100.0,13.963328631875882,11.988716502115656,12.976022566995768,12.552891396332862,11.847672778561353,12.834978843441466,13.963328631875882,12.693935119887165,15.091678420310295,11.42454160789845,11.001410437235542,12.693935119887165,16.643159379407617,11.988716502115656,11.001410437235542,15.373765867418902,11.42454160789845,13.540197461212976,13.399153737658676,13.117066290550069,13.540197461212976,14.104372355430183,14.809590973201692,13.822284908321581,15.2327221438646,,,,,,,,,,
2023-12,100.0,14.968152866242038,12.738853503184714,15.445859872611464,9.713375796178344,15.127388535031846,11.146496815286625,13.535031847133757,11.624203821656051,12.898089171974522,16.0828025477707,16.0828025477707,13.535031847133757,12.261146496815286,11.305732484076433,14.490445859872612,15.605095541401273,11.624203821656051,13.21656050955414,12.898089171974522,15.445859872611464,12.898089171974522,13.853503184713375,10.987261146496815,11.78343949044586,,,,,,,,,,,
2024-01,100.0,13.068181818181818,10.795454545454545,12.878787878787879,10.416666666666668,13.068181818181818,15.530303030303031,14.204545454545455,12.31060606060606,13.257575757575758,13.257575757575758,10.606060606060606,10.795454545454545,12.31060606060606,14.015151515151514,11.553030303030303,9.848484848484848,12.121212121212121,13.636363636363635,11.174242424242424,11.931818181818182,10.795454545454545,13.636363636363635,13.446969696969695,,,,,,,,,,,,
2024-02,100.0,12.967032967032969,14.505494505494507,13.186813186813188,13.406593406593407,11.868131868131867,15.164835164835164,12.967032967032969,14.065934065934066,12.087912087912088,11.868131868131867,11.648351648351648,11.868131868131867,11.868131868131867,9.45054945054945,10.54945054945055,11.648351648351648,13.406593406593407,16.7032967032967,15.604395604395604,13.626373626373626,13.186813186813188,12.087912087912088,,,,,,,,,,,,,
2024-03,100.0,11.529411764705882,12.0,12.941176470588237,12.0,13.647058823529413,12.470588235294118,13.882352941176471,12.23529411764706,16.470588235294116,12.23529411764706,11.76470588235294,10.352941176470589,13.176470588235295,12.0,11.76470588235294,14.352941176470587,15.294117647058824,12.941176470588237,12.23529411764706,14.588235294117647,18.11764705882353,,,,,,,,,,,,,,
2024-04,100.0,11.48036253776435,13.293051359516618,11.782477341389729,12.688821752265861,9.365558912386707,13.897280966767372,12.084592145015106,13.595166163141995,13.293051359516618,10.876132930513595,13.897280966767372,12.084592145015106,15.105740181268882,12.688821752265861,11.782477341389729,15.407854984894259,14.501510574018129,12.084592145015106,10.27190332326284,13.897280966767372,,,,,,,,,,,,,,,
2024-05,100.0,12.857142857142856,11.785714285714285,12.5,11.785714285714285,12.5,10.0,13.214285714285715,10.0,12.142857142857142,12.857142857142856,12.142857142857142,15.714285714285714,15.0,17.5,11.785714285714285,15.714285714285714,12.857142857142856,12.5,13.571428571428571,,,,,,,,,,,,,,,,
2024-06,100.0,14.34108527131783,12.4031007751938,13.953488372093023,12.790697674418606,13.565891472868216,13.178294573643413,11.24031007751938,12.4031007751938,10.077519379844961,13.178294573643413,13.953488372093023,10.852713178294573,13.565891472868216,13.953488372093023,10.852713178294573,16.27906976744186,11.24031007751938,11.627906976744185,,,,,,,,,,,,,,,,,
2024-07,100.0,10.2880658436214,14.814814814814813,16.46090534979424,12.345679012345679,11.11111111111111,11.11111111111111,11.934156378600823,15.22633744855967,12.757201646090536,14.814814814814813,11.522633744855968,16.872427983539097,11.934156378600823,12.757201646090536,13.991769547325102,17.695473251028808,12.345679012345679,,,,,,,,,,,,,,,,,,
2024-08,100.0,12.371134020618557,17.525773195876287,10.824742268041238,13.402061855670103,12.886597938144329,11.34020618556701,12.886597938144329,10.824742268041238,12.886597938144329,15.463917525773196,13.402061855670103,12.371134020618557,11.855670103092782,9.793814432989691,10.824742268041238,14.948453608247423,,,,,,,,,,,,,,,,,,,
2024-09,100.0,10.0,14.374999999999998,11.875,11.25,13.125,12.5,10.0,9.375,15.625,12.5,13.750000000000002,8.125,10.0,11.25,13.125,,,,,,,,,,,,,,,,,,,,
2024-10,100.0,11.464968152866243,11.464968152866243,12.738853503184714,12.101910828025478,14.012738853503185,8.9171974522293,10.828025477707007,11.464968152866243,11.464968152866243,11.464968152866243,10.828025477707007,12.101910828025478,15.92356687898089,15.286624203821656,,,,,,,,,,,,,,,,,,,,,
2024-11,100.0,12.781954887218044,17.293233082706767,19.548872180451127,15.789473684210526,15.037593984962406,11.278195488721805,12.781954887218044,19.548872180451127,9.774436090225564,7.518796992481203,12.781954887218044,17.293233082706767,7.518796992481203,,,,,,,,,,,,,,,,,,,,,,
2024-12,100.0,13.274336283185843,15.04424778761062,14.15929203539823,15.04424778761062,14.15929203539823,14.15929203539823,8.849557522123893,18.58407079646018,7.964601769911504,15.929203539823009,10.619469026548673,11.504424778761061,,,,,,,,,,,,,,,,,,,,,,,
2025-01,100.0,13.333333333333334,8.88888888888889,11.11111111111111,11.11111111111111,13.333333333333334,8.88888888888889,12.222222222222221,15.555555555555555,15.555555555555555,7.777777777777778,12.222222222222221,,,,,,,,,,,,,,,,,,,,,,,,
2025-02,100.0,11.76470588235294,5.88235294117647,9.411764705882353,17.647058823529413,9.411764705882353,8.235294117647058,9.411764705882353,8.235294117647058,8.235294117647058,11.76470588235294,,,,,,,,,,,,,,,,,,,,,,,,,
2025-03,100.0,13.043478260869565,11.956521739130435,5.434782608695652,9.782608695652174,10.869565217391305,8.695652173913043,13.043478260869565,9.782608695652174,11.956521739130435,,,,,,,,,,,,,,,,,,,,,,,,,,
2025-04,100.0,12.727272727272727,14.545454545454545,9.090909090909092,18.181818181818183,9.090909090909092,14.545454545454545,12.727272727272727,10.909090909090908,,,,,,,,,,,,,,,,,,,,,,,,,,,
2025-05,100.0,12.0,14.000000000000002,16.0,22.0,12.0,12.0,18.0,,,,,,,,,,,,,,,,,,,,,,,,,,,,
2025-06,100.0,5.660377358490567,20.754716981132077,9.433962264150944,5.660377358490567,15.09433962264151,18.867924528301888,,,,,,,,,,,,,,,,,,,,,,,,,,,,,
2025-07,100.0,8.695652173913043,10.869565217391305,13.043478260869565,13.043478260869565,13.043478260869565,,,,,,,,,,,,,,,,,,,,,,,,,,,,,,
2025-08,100.0,24.444444444444443,11.11111111111111,4.444444444444445,13.333333333333334,,,,,,,,,,,,,,,,,,,,,,,,,,,,,,,
2025-09,100.0,10.256410256410255,10.256410256410255,15.384615384615385,,,,,,,,,,,,,,,,,,,,,,,,,,,,,,,,
2025-10,100.0,8.0,16.0,,,,,,,,,,,,,,,,,,,,,,,,,,,,,,,,,
2025-11,100.0,4.3478260869565215,,,,,,,,,,,,,,,,,,,,,,,,,,,,,,,,,,
2025-12,100.0,,,,,,,,,,,,,,,,,,,,,,,,,,,,,,,,,,,
