order_month,total_orders,active_customers,gross_sales,paid_amount,refund_amount,net_sales,period_dt,refund_rate_pct,aov,net_sales_roll3
2023-01,2697,1954,1627470.77,1720893.55,90243.38,1630650.17,2023-01-01,5.24,604.62,1630650.17
2023-02,2552,2279,1540543.54,1626652.82,89399.48,1537253.34,2023-02-01,5.5,602.37,1583951.76
2023-03,2943,2718,1812881.13,1907816.05,90954.58,1816861.47,2023-03-01,4.77,617.35,1661588.33
2023-04,2789,2599,1677000.18,1771327.23,87996.57,1683330.66,2023-04-01,4.97,603.56,1679148.49
2023-05,2858,2659,1698646.99,1756797.22,100886.18,1655911.04,2023-05-01,5.74,579.4,1718701.06
2023-06,2669,2506,1592520.98,1673745.44,92419.93,1581325.51,2023-06-01,5.52,592.48,1640189.07
2023-07,2865,2677,1712282.32,1789510.03,96713.18,1692796.85,2023-07-01,5.4,590.85,1643344.47
2023-08,2711,2536,1628881.97,1698742.49,91938.5,1606803.99,2023-08-01,5.41,592.7,1626975.45
2023-09,2707,2536,1658551.66,1737924.65,99515.02,1638409.63,2023-09-01,5.73,605.25,1646003.49
2023-10,2876,2674,1736834.95,1822945.44,88756.41,1734189.03,2023-10-01,4.87,602.99,1659800.88
2023-11,2777,2585,1700833.98,1787780.28,85950.73,1701829.55,2023-11-01,4.81,612.83,1691476.07
2023-12,2865,2626,1688620.62,1757215.14,101350.67,1655864.47,2023-12-01,5.77,577.96,1697294.35
2024-01,2771,2577,1680882.59,1770661.68,99272.92,1671388.76,2024-01-01,5.61,603.17,1676360.93
2024-02,2704,2539,1656309.61,1736885.51,83296.4,1653589.11,2024-02-01,4.8,611.53,1660280.78
2024-03,2849,2655,1723421.59,1812754.26,93074.45,1719679.81,2024-03-01,5.13,603.61,1681552.56
2024-04,2642,2477,1612288.53,1690580.34,108611.19,1581969.15,2024-04-01,6.42,598.78,1651746.02
2024-05,2804,2613,1693806.99,1769005.13,90211.0,1678794.13,2024-05-01,5.1,598.71,1660147.7
2024-06,2762,2580,1674834.0,1754727.97,101319.46,1653408.51,2024-06-01,5.77,598.63,1638057.26
2024-07,2822,2632,1715659.2,1799571.66,96585.38,1702986.28,2024-07-01,5.37,603.47,1678396.31
2024-08,2883,2681,1779765.09,1870083.15,88294.43,1781788.72,2024-08-01,4.72,618.03,1712727.84
2024-09,2750,2593,1655856.96,1741510.88,110239.55,1631271.33,2024-09-01,6.33,593.19,1705348.78
2024-10,2795,2622,1674204.87,1750216.02,88938.81,1661277.21,2024-10-01,5.08,594.37,1691445.75
2024-11,2745,2567,1662115.92,1747656.52,96878.18,1650778.34,2024-11-01,5.54,601.38,1647775.63
2024-12,2702,2533,1651726.94,1745199.58,100127.0,1645072.58,2024-12-01,5.74,608.84,1652376.04
2025-01,2803,2631,1678662.28,1763486.25,100252.67,1663233.58,2025-01-01,5.68,593.38,1653028.17
2025-02,2629,2459,1601251.2,1677405.94,94482.41,1582923.53,2025-02-01,5.63,602.1,1630409.9
2025-03,2861,2673,1742532.09,1825183.89,88402.44,1736781.45,2025-03-01,4.84,607.05,1660979.52
2025-04,2759,2573,1654160.89,1732470.08,82456.23,1650013.85,2025-04-01,4.76,598.05,1656572.94
2025-05,2813,2611,1720154.51,1808093.94,95647.03,1712446.91,2025-05-01,5.29,608.76,1699747.4
2025-06,2761,2576,1672717.64,1759320.96,96266.59,1663054.37,2025-06-01,5.47,602.34,1675171.71
2025-07,2785,2609,1707534.23,1786018.77,75843.17,1710175.6,2025-07-01,4.25,614.07,1695225.63
2025-08,2830,2646,1730940.28,1818446.79,83940.28,1734506.51,2025-08-01,4.62,612.9,1702578.83
2025-09,2806,2607,1652385.95,1727106.92,102151.85,1624955.07,2025-09-01,5.91,579.1,1689879.06
2025-10,2862,2658,1690528.44,1776083.42,94778.58,1681304.84,2025-10-01,5.34,587.46,1680255.47
2025-11,2722,2528,1667584.28,1753054.98,96031.59,1657023.39,2025-11-01,5.48,608.75,1654427.77
2025-12,2831,2661,1709126.45,1791687.69,104676.41,1687011.28,2025-12-01,5.84,595.91,1675113.17
