product_id,sku,product_name,category,unit_cost,list_price
P00001,APP-00001,Apparel Item 0001,apparel,49.88,71.24
P00002,ELE-00002,Electronics Item 0002,electronics,106.75,165.20
P00003,HOM-00003,Home Item 0003,home,39.22,100.56
P00004,OUT-00004,Outdoors Item 0004,outdoors,32.60,67.66
P00005,BEA-00005,Beauty Item 0005,beauty,41.38,75.32
P00006,OFF-00006,Office Item 0006,office,36.34,73.96
P00007,APP-00007,Apparel Item 0007,apparel,160.95,414.12
P00008,ELE-00008,Electronics Item 0008,electronics,144.86,302.32
P00009,HOM-00009,Home Item 0009,home,15.22,22.58
P00010,OUT-00010,Outdoors Item 0010,outdoors,90.25,164.76
P00011,BEA-00011,Beauty Item 0011,beauty,126.20,292.88
P00012,OFF-00012,Office Item 0012,office,87.60,192.05
P00013,APP-00013,Apparel Item 0013,apparel,103.99,209.78
P00014,ELE-00014,Electronics Item 0014,electronics,167.68,273.93
P00015,HOM-00015,Home Item 0015,home,7.53,16.66
P00016,OUT-00016,Outdoors Item 0016,outdoors,161.29,446.98
P00017,BEA-00017,Beauty Item 0017,beauty,168.69,368.84
P00018,OFF-00018,Office Item 0018,office,123.58,267.66
P00019,APP-00019,Apparel Item 0019,apparel,20.78,40.86
P00020,ELE-00020,Electronics Item 0020,electronics,143.45,279.63
P00021,HOM-00021,Home Item 0021,home,156.13,374.28
P00022,OUT-00022,Outdoors Item 0022,outdoors,142.78,345.51
P00023,BEA-00023,Beauty Item 0023,beauty,90.93,164.07
P00024,OFF-00024,Office Item 0024,office,172.98,343.96
P00025,APP-00025,Apparel Item 0025,apparel,139.62,249.45
P00026,ELE-00026,Electronics Item 0026,electronics,165.59,461.95
P00027,HOM-00027,Home Item 0027,home,80.14,142.56
P00028,OUT-00028,Outdoors Item 0028,outdoors,37.75,64.63
P00029,BEA-00029,Beauty Item 0029,beauty,7.04,13.09
P00030,OFF-00030,Office Item 0030,office,178.71,408.35
P00031,APP-00031,Apparel Item 0031,apparel,177.75,463.33
P00032,ELE-00032,Electronics Item 0032,electronics,35.55,56.09
P00033,HOM-00033,Home Item 0033,home,55.23,112.64
P00034,OUT-00034,Outdoors Item 0034,outdoors,47.90,65.99
P00035,BEA-00035,Beauty Item 0035,beauty,34.74,54.56
P00036,OFF-00036,Office Item 0036,office,24.87,68.29
P00037,APP-00037,Apparel Item 0037,apparel,102.41,176.06
P00038,ELE-00038,Electronics Item 0038,electronics,22.78,52.12
P00039,HOM-00039,Home Item 0039,home,160.38,424.33
P00040,OUT-00040,Outdoors Item 0040,outdoors,56.71,102.69
P00041,BEA-00041,Beauty Item 0041,beauty,29.99,79.15
P00042,OFF-00042,Office Item 0042,office,156.54,297.39
P00043,APP-00043,Apparel Item 0043,apparel,7.39,13.59
P00044,ELE-00044,Electronics Item 0044,electronics,158.31,285.94
P00045,HOM-00045,Home Item 0045,home,150.46,265.67
P00046,OUT-00046,Outdoors Item 0046,outdoors,36.87,86.77
P00047,BEA-00047,Beauty Item 0047,beauty,14.65,33.14
P00048,OFF-00048,Office Item 0048,office,125.81,321.03
P00049,APP-00049,Apparel Item 0049,apparel,15.56,43.08
P00050,ELE-00050,Electronics Item 0050,electronics,19.53,34.12
P00051,HOM-00051,Home Item 0051,home,14.55,38.94
P00052,OUT-00052,Outdoors Item 0052,outdoors,73.60,174.40
P00053,BEA-00053,Beauty Item 0053,beauty,11.59,24.26
P00054,OFF-00054,Office Item 0054,office,41.36,113.34
P00055,APP-00055,Apparel Item 0055,apparel,110.91,298.31
P00056,ELE-00056,Electronics Item 0056,electronics,165.44,368.33
P00057,HOM-00057,Home Item 0057,home,120.52,245.06
P00058,OUT-00058,Outdoors Item 0058,outdoors,156.96,346.48
P00059,BEA-00059,Beauty Item 0059,beauty,111.25,161.98
P00060,OFF-00060,Office Item 0060,office,75.02,155.01
P00061,APP-00061,Apparel Item 0061,apparel,28.73,47.10
P00062,ELE-00062,Electronics Item 0062,electronics,81.40,166.16
P00063,HOM-00063,Home Item 0063,home,89.02,216.31
P00064,OUT-00064,Outdoors Item 0064,outdoors,131.59,222.44
P00065,BEA-00065,Beauty Item 0065,beauty,76.78,187.42
P00066,OFF-00066,Office Item 0066,office,133.25,215.52
P00067,APP-00067,Apparel Item 0067,apparel,143.34,208.33
P00068,ELE-00068,Electronics Item 0068,electronics,177.91,435.08
P00069,HOM-00069,Home Item 0069,home,25.13,57.26
P00070,OUT-00070,Outdoors Item 0070,outdoors,34.41,70.45
P00071,BEA-00071,Beauty Item 0071,beauty,119.30,309.49
P00072,OFF-00072,Office Item 0072,office,10.64,21.75
P00073,APP-00073,Apparel Item 0073,apparel,99.36,174.31
P00074,ELE-00074,Electronics Item 0074,electronics,125.66,290.74
P00075,HOM-00075,Home Item 0075,home,59.65,86.89
P00076,OUT-00076,Outdoors Item 0076,outdoors,25.67,51.75
P00077,BEA-00077,Beauty Item 0077,beauty,81.49,146.03
P00078,OFF-00078,Office Item 0078,office,162.99,298.12
P00079,APP-00079,Apparel Item 0079,apparel,133.96,200.78
P00080,ELE-00080,Electronics Item 0080,electronics,18.82,27.66
P00081,HOM-00081,Home Item 0081,home,101.37,188.30
P00082,OUT-00082,Outdoors Item 0082,outdoors,173.73,459.54
P00083,BEA-00083,Beauty Item 0083,beauty,133.83,265.68
P00084,OFF-00084,Office Item 0084,office,61.84,162.28
P00085,APP-00085,Apparel Item 0085,apparel,102.34,210.70
P00086,ELE-00086,Electronics Item 0086,electronics,177.47,446.53
P00087,HOM-00087,Home Item 0087,home,76.03,156.00
P00088,OUT-00088,Outdoors Item 0088,outdoors,75.68,134.82
P00089,BEA-00089,Beauty Item 0089,beauty,81.80,162.56
P00090,OFF-00090,Office Item 0090,office,64.14,119.04
P00091,APP-00091,Apparel Item 0091,apparel,131.91,350.99
P00092,ELE-00092,Electronics Item 0092,electronics,48.29,127.35
P00093,HOM-00093,Home Item 0093,home,165.55,457.14
P00094,OUT-00094,Outdoors Item 0094,outdoors,159.04,369.53
P00095,BEA-00095,Beauty Item 0095,beauty,18.18,50.61
P00096,OFF-00096,Office Item 0096,office,149.45,337.20
P00097,APP-00097,Apparel Item 0097,apparel,170.30,271.89
P00098,ELE-00098,Electronics Item 0098,electronics,136.69,240.47
P00099,HOM-00099,Home Item 0099,home,149.12,272.01
P00100,OUT-00100,Outdoors Item 0100,outdoors,169.21,386.18
P00101,BEA-00101,Beauty Item 0101,beauty,135.21,368.76
P00102,OFF-00102,Office Item 0102,office,48.35,127.56
P00103,APP-00103,Apparel Item 0103,apparel,149.57,247.20
P00104,ELE-00104,Electronics Item 0104,electronics,20.08,39.31
P00105,HOM-00105,Home Item 0105,home,47.81,127.54
P00106,OUT-00106,Outdoors Item 0106,outdoors,56.95,155.54
P00107,BEA-00107,Beauty Item 0107,beauty,14.91,33.13
P00108,OFF-00108,Office Item 0108,office,13.05,19.87
P00109,APP-00109,Apparel Item 0109,apparel,169.76,369.40
P00110,ELE-00110,Electronics Item 0110,electronics,140.95,268.13
P00111,HOM-00111,Home Item 0111,home,92.29,216.40
P00112,OUT-00112,Outdoors Item 0112,outdoors,57.74,109.76
P00113,BEA-00113,Beauty Item 0113,beauty,39.72,89.05
P00114,OFF-00114,Office Item 0114,office,50.30,126.80
P00115,APP-00115,Apparel Item 0115,apparel,19.83,51.16
P00116,ELE-00116,Electronics Item 0116,electronics,52.79,80.70
P00117,HOM-00117,Home Item 0117,home,79.29,163.07
P00118,OUT-00118,Outdoors Item 0118,outdoors,143.88,276.85
P00119,BEA-00119,Beauty Item 0119,beauty,104.01,261.25
P00120,OFF-00120,Office Item 0120,office,172.87,433.12
P00121,APP-00121,Apparel Item 0121,apparel,88.32,170.46
P00122,ELE-00122,Electronics Item 0122,electronics,53.34,124.43
P00123,HOM-00123,Home Item 0123,home,147.76,259.74
P00124,OUT-00124,Outdoors Item 0124,outdoors,57.02,91.53
P00125,BEA-00125,Beauty Item 0125,beauty,30.41,60.10
P00126,OFF-00126,Office Item 0126,office,63.82,173.11
P00127,APP-00127,Apparel Item 0127,apparel,165.87,286.58
P00128,ELE-00128,Electronics Item 0128,electronics,119.46,213.69
P00129,HOM-00129,Home Item 0129,home,142.98,393.11
P00130,OUT-00130,Outdoors Item 0130,outdoors,32.79,85.57
P00131,BEA-00131,Beauty Item 0131,beauty,111.01,276.94
P00132,OFF-00132,Office Item 0132,office,150.26,295.95
P00133,APP-00133,Apparel Item 0133,apparel,54.39,140.40
P00134,ELE-00134,Electronics Item 0134,electronics,132.39,236.03
P00135,HOM-00135,Home Item 0135,home,81.42,194.48
P00136,OUT-00136,Outdoors Item 0136,outdoors,4.53,10.40
P00137,BEA-00137,Beauty Item 0137,beauty,175.80,386.43
P00138,OFF-00138,Office Item 0138,office,10.69,15.31
P00139,APP-00139,Apparel Item 0139,apparel,64.71,105.17
P00140,ELE-00140,Electronics Item 0140,electronics,95.63,230.65
P00141,HOM-00141,Home Item 0141,home,57.38,116.93
P00142,OUT-00142,Outdoors Item 0142,outdoors,134.91,191.88
P00143,BEA-00143,Beauty Item 0143,beauty,118.27,221.43
P00144,OFF-00144,Office Item 0144,office,116.83,242.85
P00145,APP-00145,Apparel Item 0145,apparel,97.07,148.72
P00146,ELE-00146,Electronics Item 0146,electronics,136.71,184.98
P00147,HOM-00147,Home Item 0147,home,57.94,88.69
P00148,OUT-00148,Outdoors Item 0148,outdoors,26.48,61.59
P00149,BEA-00149,Beauty Item 0149,beauty,9.49,15.69
P00150,OFF-00150,Office Item 0150,office,24.33,58.59
P00151,APP-00151,Apparel Item 0151,apparel,51.95,109.38
P00152,ELE-00152,Electronics Item 0152,electronics,42.49,111.35
P00153,HOM-00153,Home Item 0153,home,16.58,43.79
P00154,OUT-00154,Outdoors Item 0154,outdoors,37.79,63.70
P00155,BEA-00155,Beauty Item 0155,beauty,135.22,276.05
P00156,OFF-00156,Office Item 0156,office,62.41,88.78
P00157,APP-00157,Apparel Item 0157,apparel,27.49,38.79
P00158,ELE-00158,Electronics Item 0158,electronics,12.15,27.15
P00159,HOM-00159,Home Item 0159,home,141.95,351.62
P00160,OUT-00160,Outdoors Item 0160,outdoors,169.03,303.94
P00161,BEA-00161,Beauty Item 0161,beauty,4.81,13.32
P00162,OFF-00162,Office Item 0162,office,92.14,130.12
P00163,APP-00163,Apparel Item 0163,apparel,116.25,263.44
P00164,ELE-00164,Electronics Item 0164,electronics,52.69,98.84
P00165,HOM-00165,Home Item 0165,home,120.38,229.28
P00166,OUT-00166,Outdoors Item 0166,outdoors,116.39,258.69
P00167,BEA-00167,Beauty Item 0167,beauty,62.10,130.14
P00168,OFF-00168,Office Item 0168,office,22.28,60.15
P00169,APP-00169,Apparel Item 0169,apparel,6.84,10.28
P00170,ELE-00170,Electronics Item 0170,electronics,144.28,353.58
P00171,HOM-00171,Home Item 0171,home,65.53,155.41
P00172,OUT-00172,Outdoors Item 0172,outdoors,90.86,194.99
P00173,BEA-00173,Beauty Item 0173,beauty,14.88,22.79
P00174,OFF-00174,Office Item 0174,office,128.75,251.46
P00175,APP-00175,Apparel Item 0175,apparel,178.16,396.73
P00176,ELE-00176,Electronics Item 0176,electronics,71.66,119.42
P00177,HOM-00177,Home Item 0177,home,85.73,217.77
P00178,OUT-00178,Outdoors Item 0178,outdoors,114.75,284.45
P00179,BEA-00179,Beauty Item 0179,beauty,166.36,425.08
P00180,OFF-00180,Office Item 0180,office,125.10,179.86
P00181,APP-00181,Apparel Item 0181,apparel,51.67,92.31
P00182,ELE-00182,Electronics Item 0182,electronics,125.20,275.81
P00183,HOM-00183,Home Item 0183,home,143.82,223.41
P00184,OUT-00184,Outdoors Item 0184,outdoors,98.18,165.48
P00185,BEA-00185,Beauty Item 0185,beauty,47.94,134.13
P00186,OFF-00186,Office Item 0186,office,77.60,211.70
P00187,APP-00187,Apparel Item 0187,apparel,157.42,373.78
P00188,ELE-00188,Electronics Item 0188,electronics,80.67,160.38
P00189,HOM-00189,Home Item 0189,home,35.38,57.50
P00190,OUT-00190,Outdoors Item 0190,outdoors,28.83,80.43
P00191,BEA-00191,Beauty Item 0191,beauty,64.04,161.60
P00192,OFF-00192,Office Item 0192,office,145.52,406.34
P00193,APP-00193,Apparel Item 0193,apparel,141.35,358.99
P00194,ELE-00194,Electronics Item 0194,electronics,14.08,35.91
P00195,HOM-00195,Home Item 0195,home,54.11,126.34
P00196,OUT-00196,Outdoors Item 0196,outdoors,52.28,144.96
P00197,BEA-00197,Beauty Item 0197,beauty,178.11,314.46
P00198,OFF-00198,Office Item 0198,office,31.22,68.68
P00199,APP-00199,Apparel Item 0199,apparel,7.97,13.85
P00200,ELE-00200,Electronics Item 0200,electronics,135.27,211.05
P00201,HOM-00201,Home Item 0201,home,131.11,281.80
P00202,OUT-00202,Outdoors Item 0202,outdoors,157.91,391.76
P00203,BEA-00203,Beauty Item 0203,beauty,134.66,237.49
P00204,OFF-00204,Office Item 0204,office,36.17,49.98
P00205,APP-00205,Apparel Item 0205,apparel,158.53,267.34
P00206,ELE-00206,Electronics Item 0206,electronics,72.49,188.09
P00207,HOM-00207,Home Item 0207,home,5.89,8.10
P00208,OUT-00208,Outdoors Item 0208,outdoors,21.12,33.01
P00209,BEA-00209,Beauty Item 0209,beauty,100.70,173.29
P00210,OFF-00210,Office Item 0210,office,86.41,235.77
P00211,APP-00211,Apparel Item 0211,apparel,76.37,163.54
P00212,ELE-00212,Electronics Item 0212,electronics,82.59,141.57
P00213,HOM-00213,Home Item 0213,home,57.34,108.51
P00214,OUT-00214,Outdoors Item 0214,outdoors,85.31,198.31
P00215,BEA-00215,Beauty Item 0215,beauty,61.29,138.58
P00216,OFF-00216,Office Item 0216,office,172.96,319.95
P00217,APP-00217,Apparel Item 0217,apparel,60.19,123.04
P00218,ELE-00218,Electronics Item 0218,electronics,162.59,425.18
P00219,HOM-00219,Home Item 0219,home,56.94,117.23
P00220,OUT-00220,Outdoors Item 0220,outdoors,98.66,163.07
P00221,BEA-00221,Beauty Item 0221,beauty,85.29,187.29
P00222,OFF-00222,Office Item 0222,office,133.29,339.62
P00223,APP-00223,Apparel Item 0223,apparel,34.05,65.65
P00224,ELE-00224,Electronics Item 0224,electronics,147.96,405.06
P00225,HOM-00225,Home Item 0225,home,43.12,60.52
P00226,OUT-00226,Outdoors Item 0226,outdoors,45.19,82.93
P00227,BEA-00227,Beauty Item 0227,beauty,110.33,153.08
P00228,OFF-00228,Office Item 0228,office,12.99,33.39
P00229,APP-00229,Apparel Item 0229,apparel,139.78,368.89
P00230,ELE-00230,Electronics Item 0230,electronics,44.17,113.25
P00231,HOM-00231,Home Item 0231,home,60.89,165.34
P00232,OUT-00232,Outdoors Item 0232,outdoors,54.66,108.85
P00233,BEA-00233,Beauty Item 0233,beauty,125.85,172.35
P00234,OFF-00234,Office Item 0234,office,51.76,144.01
P00235,APP-00235,Apparel Item 0235,apparel,43.24,108.01
P00236,ELE-00236,Electronics Item 0236,electronics,31.18,55.25
P00237,HOM-00237,Home Item 0237,home,141.77,199.79
P00238,OUT-00238,Outdoors Item 0238,outdoors,54.88,152.19
P00239,BEA-00239,Beauty Item 0239,beauty,4.60,6.22
P00240,OFF-00240,Office Item 0240,office,77.26,127.47
P00241,APP-00241,Apparel Item 0241,apparel,69.95,171.40
P00242,ELE-00242,Electronics Item 0242,electronics,84.25,178.12
P00243,HOM-00243,Home Item 0243,home,67.45,132.47
P00244,OUT-00244,Outdoors Item 0244,outdoors,33.89,70.05
P00245,BEA-00245,Beauty Item 0245,beauty,173.95,373.62
P00246,OFF-00246,Office Item 0246,office,10.95,22.15
P00247,APP-00247,Apparel Item 0247,apparel,117.75,250.27
P00248,ELE-00248,Electronics Item 0248,electronics,51.57,121.63
P00249,HOM-00249,Home Item 0249,home,101.26,189.30
P00250,OUT-00250,Outdoors Item 0250,outdoors,105.92,284.96
P00251,BEA-00251,Beauty Item 0251,beauty,66.47,109.68
P00252,OFF-00252,Office Item 0252,office,29.19,45.63
P00253,APP-00253,Apparel Item 0253,apparel,102.43,195.79
P00254,ELE-00254,Electronics Item 0254,electronics,6.27,14.57
P00255,HOM-00255,Home Item 0255,home,72.50,98.13
P00256,OUT-00256,Outdoors Item 0256,outdoors,167.18,429.55
P00257,BEA-00257,Beauty Item 0257,beauty,156.57,433.74
P00258,OFF-00258,Office Item 0258,office,83.91,233.23
P00259,APP-00259,Apparel Item 0259,apparel,161.21,397.47
P00260,ELE-00260,Electronics Item 0260,electronics,54.57,123.30
P00261,HOM-00261,Home Item 0261,home,161.41,450.27
P00262,OUT-00262,Outdoors Item 0262,outdoors,14.21,25.28
P00263,BEA-00263,Beauty Item 0263,beauty,169.27,467.14
P00264,OFF-00264,Office Item 0264,office,89.99,226.32
P00265,APP-00265,Apparel Item 0265,apparel,76.39,178.39
P00266,ELE-00266,Electronics Item 0266,electronics,142.27,210.31
P00267,HOM-00267,Home Item 0267,home,34.54,53.08
P00268,OUT-00268,Outdoors Item 0268,outdoors,85.45,164.13
P00269,BEA-00269,Beauty Item 0269,beauty,31.04,73.25
P00270,OFF-00270,Office Item 0270,office,86.79,157.48
P00271,APP-00271,Apparel Item 0271,apparel,76.88,190.51
P00272,ELE-00272,Electronics Item 0272,electronics,138.74,318.87
P00273,HOM-00273,Home Item 0273,home,128.37,225.96
P00274,OUT-00274,Outdoors Item 0274,outdoors,101.12,272.90
P00275,BEA-00275,Beauty Item 0275,beauty,4.00,8.03
P00276,OFF-00276,Office Item 0276,office,109.45,152.32
P00277,APP-00277,Apparel Item 0277,apparel,81.24,146.94
P00278,ELE-00278,Electronics Item 0278,electronics,136.93,324.93
P00279,HOM-00279,Home Item 0279,home,111.21,213.28
P00280,OUT-00280,Outdoors Item 0280,outdoors,131.63,314.55
P00281,BEA-00281,Beauty Item 0281,beauty,13.82,27.36
P00282,OFF-00282,Office Item 0282,office,21.67,44.82
P00283,APP-00283,Apparel Item 0283,apparel,99.83,168.40
P00284,ELE-00284,Electronics Item 0284,electronics,110.83,263.05
P00285,HOM-00285,Home Item 0285,home,155.63,253.77
P00286,OUT-00286,Outdoors Item 0286,outdoors,126.27,212.54
P00287,BEA-00287,Beauty Item 0287,beauty,38.68,68.59
P00288,OFF-00288,Office Item 0288,office,99.15,216.15
P00289,APP-00289,Apparel Item 0289,apparel,14.90,33.40
P00290,ELE-00290,Electronics Item 0290,electronics,124.58,326.86
P00291,HOM-00291,Home Item 0291,home,95.49,233.87
P00292,OUT-00292,Outdoors Item 0292,outdoors,152.93,234.60
P00293,BEA-00293,Beauty Item 0293,beauty,80.32,213.87
P00294,OFF-00294,Office Item 0294,office,47.69,121.13
P00295,APP-00295,Apparel Item 0295,apparel,12.67,20.45
P00296,ELE-00296,Electronics Item 0296,electronics,25.93,63.37
P00297,HOM-00297,Home Item 0297,home,40.16,84.19
P00298,OUT-00298,Outdoors Item 0298,outdoors,32.56,62.62
P00299,BEA-00299,Beauty Item 0299,beauty,63.12,116.61
P00300,OFF-00300,Office Item 0300,office,57.84,135.38
P00301,APP-00301,Apparel Item 0301,apparel,69.84,173.56
P00302,ELE-00302,Electronics Item 0302,electronics,121.14,223.64
P00303,HOM-00303,Home Item 0303,home,102.99,225.95
P00304,OUT-00304,Outdoors Item 0304,outdoors,29.46,56.27
P00305,BEA-00305,Beauty Item 0305,beauty,158.72,262.10
P00306,OFF-00306,Office Item 0306,office,126.69,306.20
P00307,APP-00307,Apparel Item 0307,apparel,125.44,184.08
P00308,ELE-00308,Electronics Item 0308,electronics,50.84,77.12
P00309,HOM-00309,Home Item 0309,home,129.01,325.27
P00310,OUT-00310,Outdoors Item 0310,outdoors,8.21,22.32
P00311,BEA-00311,Beauty Item 0311,beauty,103.08,187.43
P00312,OFF-00312,Office Item 0312,office,97.61,260.97
P00313,APP-00313,Apparel Item 0313,apparel,11.64,22.97
P00314,ELE-00314,Electronics Item 0314,electronics,102.44,149.29
P00315,HOM-00315,Home Item 0315,home,98.01,169.73
P00316,OUT-00316,Outdoors Item 0316,outdoors,105.27,294.64
P00317,BEA-00317,Beauty Item 0317,beauty,134.62,285.97
P00318,OFF-00318,Office Item 0318,office,25.74,60.77
P00319,APP-00319,Apparel Item 0319,apparel,169.10,358.16
P00320,ELE-00320,Electronics Item 0320,electronics,106.80,208.09
P00321,HOM-00321,Home Item 0321,home,31.47,48.30
P00322,OUT-00322,Outdoors Item 0322,outdoors,81.10,191.50
P00323,BEA-00323,Beauty Item 0323,beauty,7.47,12.66
P00324,OFF-00324,Office Item 0324,office,5.83,9.86
P00325,APP-00325,Apparel Item 0325,apparel,118.69,182.83
P00326,ELE-00326,Electronics Item 0326,electronics,56.20,119.33
P00327,HOM-00327,Home Item 0327,home,113.03,172.76
P00328,OUT-00328,Outdoors Item 0328,outdoors,171.81,416.37
P00329,BEA-00329,Beauty Item 0329,beauty,109.99,255.66
P00330,OFF-00330,Office Item 0330,office,41.71,62.45
P00331,APP-00331,Apparel Item 0331,apparel,54.04,129.89
P00332,ELE-00332,Electronics Item 0332,electronics,60.27,101.21
P00333,HOM-00333,Home Item 0333,home,87.39,147.33
P00334,OUT-00334,Outdoors Item 0334,outdoors,103.83,240.75
P00335,BEA-00335,Beauty Item 0335,beauty,71.90,133.68
P00336,OFF-00336,Office Item 0336,office,24.98,50.27
P00337,APP-00337,Apparel Item 0337,apparel,140.57,297.37
P00338,ELE-00338,Electronics Item 0338,electronics,131.35,266.88
P00339,HOM-00339,Home Item 0339,home,68.53,142.15
P00340,OUT-00340,Outdoors Item 0340,outdoors,36.08,81.22
P00341,BEA-00341,Beauty Item 0341,beauty,64.29,160.86
P00342,OFF-00342,Office Item 0342,office,167.50,353.14
P00343,APP-00343,Apparel Item 0343,apparel,55.46,148.43
P00344,ELE-00344,Electronics Item 0344,electronics,73.77,143.77
P00345,HOM-00345,Home Item 0345,home,29.03,71.01
P00346,OUT-00346,Outdoors Item 0346,outdoors,19.19,38.80
P00347,BEA-00347,Beauty Item 0347,beauty,140.18,192.41
P00348,OFF-00348,Office Item 0348,office,156.71,421.68
P00349,APP-00349,Apparel Item 0349,apparel,115.65,182.98
P00350,ELE-00350,Electronics Item 0350,electronics,100.24,271.61
P00351,HOM-00351,Home Item 0351,home,33.85,46.52
P00352,OUT-00352,Outdoors Item 0352,outdoors,62.16,116.84
P00353,BEA-00353,Beauty Item 0353,beauty,17.67,39.70
P00354,OFF-00354,Office Item 0354,office,76.69,186.60
P00355,APP-00355,Apparel Item 0355,apparel,132.34,257.99
P00356,ELE-00356,Electronics Item 0356,electronics,32.11,79.44
P00357,HOM-00357,Home Item 0357,home,109.62,220.31
P00358,OUT-00358,Outdoors Item 0358,outdoors,57.01,152.00
P00359,BEA-00359,Beauty Item 0359,beauty,88.63,131.94
P00360,OFF-00360,Office Item 0360,office,120.72,225.79
P00361,APP-00361,Apparel Item 0361,apparel,106.66,249.78
P00362,ELE-00362,Electronics Item 0362,electronics,11.68,25.63
P00363,HOM-00363,Home Item 0363,home,16.95,28.71
P00364,OUT-00364,Outdoors Item 0364,outdoors,63.14,92.55
P00365,BEA-00365,Beauty Item 0365,beauty,33.79,62.67
P00366,OFF-00366,Office Item 0366,office,129.01,197.34
P00367,APP-00367,Apparel Item 0367,apparel,10.79,24.58
P00368,ELE-00368,Electronics Item 0368,electronics,136.87,337.97
P00369,HOM-00369,Home Item 0369,home,57.29,123.23
P00370,OUT-00370,Outdoors Item 0370,outdoors,101.97,191.61
P00371,BEA-00371,Beauty Item 0371,beauty,108.40,147.28
P00372,OFF-00372,Office Item 0372,office,175.73,448.18
P00373,APP-00373,Apparel Item 0373,apparel,41.08,65.20
P00374,ELE-00374,Electronics Item 0374,electronics,105.49,206.73
P00375,HOM-00375,Home Item 0375,home,96.07,192.11
P00376,OUT-00376,Outdoors Item 0376,outdoors,23.36,58.68
P00377,BEA-00377,Beauty Item 0377,beauty,178.11,316.03
P00378,OFF-00378,Office Item 0378,office,95.26,131.50
P00379,APP-00379,Apparel Item 0379,apparel,94.51,211.54
P00380,ELE-00380,Electronics Item 0380,electronics,84.15,133.83
P00381,HOM-00381,Home Item 0381,home,28.77,53.46
P00382,OUT-00382,Outdoors Item 0382,outdoors,170.40,329.14
P00383,BEA-00383,Beauty Item 0383,beauty,104.06,147.16
P00384,OFF-00384,Office Item 0384,office,68.40,155.81
P00385,APP-00385,Apparel Item 0385,apparel,66.41,126.42
P00386,ELE-00386,Electronics Item 0386,electronics,100.85,137.10
P00387,HOM-00387,Home Item 0387,home,17.77,47.03
P00388,OUT-00388,Outdoors Item 0388,outdoors,4.92,8.45
P00389,BEA-00389,Beauty Item 0389,beauty,30.44,46.90
P00390,OFF-00390,Office Item 0390,office,159.54,265.98
P00391,APP-00391,Apparel Item 0391,apparel,101.03,139.43
P00392,ELE-00392,Electronics Item 0392,electronics,22.07,57.27
P00393,HOM-00393,Home Item 0393,home,156.15,261.99
P00394,OUT-00394,Outdoors Item 0394,outdoors,106.61,196.92
P00395,BEA-00395,Beauty Item 0395,beauty,27.69,51.60
P00396,OFF-00396,Office Item 0396,office,61.27,100.33
P00397,APP-00397,Apparel Item 0397,apparel,168.05,412.68
P00398,ELE-00398,Electronics Item 0398,electronics,41.19,84.57
P00399,HOM-00399,Home Item 0399,home,153.54,352.48
P00400,OUT-00400,Outdoors Item 0400,outdoors,56.47,130.62
P00401,BEA-00401,Beauty Item 0401,beauty,141.00,364.50
P00402,OFF-00402,Office Item 0402,office,177.95,497.03
P00403,APP-00403,Apparel Item 0403,apparel,14.58,40.42
P00404,ELE-00404,Electronics Item 0404,electronics,107.13,153.52
P00405,HOM-00405,Home Item 0405,home,157.04,437.74
P00406,OUT-00406,Outdoors Item 0406,outdoors,54.25,100.57
P00407,BEA-00407,Beauty Item 0407,beauty,149.58,292.16
P00408,OFF-00408,Office Item 0408,office,140.95,211.29
P00409,APP-00409,Apparel Item 0409,apparel,165.29,313.57
P00410,ELE-00410,Electronics Item 0410,electronics,33.67,77.89
P00411,HOM-00411,Home Item 0411,home,13.29,31.97
P00412,OUT-00412,Outdoors Item 0412,outdoors,120.69,302.88
P00413,BEA-00413,Beauty Item 0413,beauty,32.94,53.48
P00414,OFF-00414,Office Item 0414,office,18.39,33.14
P00415,APP-00415,Apparel Item 0415,apparel,39.08,88.36
P00416,ELE-00416,Electronics Item 0416,electronics,161.21,438.45
P00417,HOM-00417,Home Item 0417,home,83.21,118.14
P00418,OUT-00418,Outdoors Item 0418,outdoors,130.38,190.04
P00419,BEA-00419,Beauty Item 0419,beauty,101.59,228.06
P00420,OFF-00420,Office Item 0420,office,55.12,109.46
P00421,APP-00421,Apparel Item 0421,apparel,79.71,175.28
P00422,ELE-00422,Electronics Item 0422,electronics,53.11,83.34
P00423,HOM-00423,Home Item 0423,home,29.04,47.63
P00424,OUT-00424,Outdoors Item 0424,outdoors,101.27,171.57
P00425,BEA-00425,Beauty Item 0425,beauty,149.43,257.29
P00426,OFF-00426,Office Item 0426,office,59.45,87.02
P00427,APP-00427,Apparel Item 0427,apparel,133.73,277.53
P00428,ELE-00428,Electronics Item 0428,electronics,61.26,162.24
P00429,HOM-00429,Home Item 0429,home,35.21,48.25
P00430,OUT-00430,Outdoors Item 0430,outdoors,56.43,81.20
P00431,BEA-00431,Beauty Item 0431,beauty,113.40,292.84
P00432,OFF-00432,Office Item 0432,office,68.61,106.81
P00433,APP-00433,Apparel Item 0433,apparel,61.74,129.96
P00434,ELE-00434,Electronics Item 0434,electronics,94.90,163.65
P00435,HOM-00435,Home Item 0435,home,89.07,164.57
P00436,OUT-00436,Outdoors Item 0436,outdoors,159.21,257.48
P00437,BEA-00437,Beauty Item 0437,beauty,24.75,45.16
P00438,OFF-00438,Office Item 0438,office,41.40,78.82
P00439,APP-00439,Apparel Item 0439,apparel,129.07,247.56
P00440,ELE-00440,Electronics Item 0440,electronics,128.51,326.87
P00441,HOM-00441,Home Item 0441,home,81.69,206.47
P00442,OUT-00442,Outdoors Item 0442,outdoors,8.31,22.80
P00443,BEA-00443,Beauty Item 0443,beauty,121.88,338.98
P00444,OFF-00444,Office Item 0444,office,114.08,246.17
P00445,APP-00445,Apparel Item 0445,apparel,9.55,18.05
P00446,ELE-00446,Electronics Item 0446,electronics,125.56,210.21
P00447,HOM-00447,Home Item 0447,home,105.04,169.55
P00448,OUT-00448,Outdoors Item 0448,outdoors,120.17,304.06
P00449,BEA-00449,Beauty Item 0449,beauty,104.24,161.14
P00450,OFF-00450,Office Item 0450,office,77.75,117.06
P00451,APP-00451,Apparel Item 0451,apparel,13.07,20.43
P00452,ELE-00452,Electronics Item 0452,electronics,81.71,213.20
P00453,HOM-00453,Home Item 0453,home,8.04,20.33
P00454,OUT-00454,Outdoors Item 0454,outdoors,103.12,146.62
P00455,BEA-00455,Beauty Item 0455,beauty,165.36,227.67
P00456,OFF-00456,Office Item 0456,office,173.47,433.24
P00457,APP-00457,Apparel Item 0457,apparel,72.50,152.06
P00458,ELE-00458,Electronics Item 0458,electronics,179.17,265.59
P00459,HOM-00459,Home Item 0459,home,171.25,323.05
P00460,OUT-00460,Outdoors Item 0460,outdoors,109.49,301.75
P00461,BEA-00461,Beauty Item 0461,beauty,108.89,257.54
P00462,OFF-00462,Office Item 0462,office,55.53,82.31
P00463,APP-00463,Apparel Item 0463,apparel,172.17,337.91
P00464,ELE-00464,Electronics Item 0464,electronics,127.83,210.57
P00465,HOM-00465,Home Item 0465,home,160.83,248.16
P00466,OUT-00466,Outdoors Item 0466,outdoors,18.62,25.51
P00467,BEA-00467,Beauty Item 0467,beauty,56.95,123.82
P00468,OFF-00468,Office Item 0468,office,109.54,236.75
P00469,APP-00469,Apparel Item 0469,apparel,60.09,128.47
P00470,ELE-00470,Electronics Item 0470,electronics,44.25,118.44
P00471,HOM-00471,Home Item 0471,home,25.84,63.78
P00472,OUT-00472,Outdoors Item 0472,outdoors,4.93,9.47
P00473,BEA-00473,Beauty Item 0473,beauty,97.02,156.51
P00474,OFF-00474,Office Item 0474,office,98.28,235.41
P00475,APP-00475,Apparel Item 0475,apparel,142.23,280.44
P00476,ELE-00476,Electronics Item 0476,electronics,134.17,203.12
P00477,HOM-00477,Home Item 0477,home,177.11,462.79
P00478,OUT-00478,Outdoors Item 0478,outdoors,77.03,184.44
P00479,BEA-00479,Beauty Item 0479,beauty,112.66,173.08
P00480,OFF-00480,Office Item 0480,office,164.70,330.98
P00481,APP-00481,Apparel Item 0481,apparel,75.61,196.99
P00482,ELE-00482,Electronics Item 0482,electronics,114.06,185.38
P00483,HOM-00483,Home Item 0483,home,162.70,380.77
P00484,OUT-00484,Outdoors Item 0484,outdoors,158.86,322.51
P00485,BEA-00485,Beauty Item 0485,beauty,56.49,93.00
P00486,OFF-00486,Office Item 0486,office,39.25,79.22
P00487,APP-00487,Apparel Item 0487,apparel,125.77,206.53
P00488,ELE-00488,Electronics Item 0488,electronics,12.47,29.67
P00489,HOM-00489,Home Item 0489,home,96.91,144.68
P00490,OUT-00490,Outdoors Item 0490,outdoors,117.20,301.06
P00491,BEA-00491,Beauty Item 0491,beauty,17.21,38.39
P00492,OFF-00492,Office Item 0492,office,161.93,408.69
P00493,APP-00493,Apparel Item 0493,apparel,169.43,292.81
P00494,ELE-00494,Electronics Item 0494,electronics,13.26,33.58
P00495,HOM-00495,Home Item 0495,home,57.66,131.42
P00496,OUT-00496,Outdoors Item 0496,outdoors,39.08,87.86
P00497,BEA-00497,Beauty Item 0497,beauty,89.61,223.84
P00498,OFF-00498,Office Item 0498,office,145.05,268.57
P00499,APP-00499,Apparel Item 0499,apparel,79.00,219.00
P00500,ELE-00500,Electronics Item 0500,electronics,148.44,201.23
P00501,HOM-00501,Home Item 0501,home,76.47,204.76
P00502,OUT-00502,Outdoors Item 0502,outdoors,61.02,107.56
P00503,BEA-00503,Beauty Item 0503,beauty,172.07,362.13
P00504,OFF-00504,Office Item 0504,office,125.48,266.90
P00505,APP-00505,Apparel Item 0505,apparel,129.82,279.77
P00506,ELE-00506,Electronics Item 0506,electronics,124.63,319.38
P00507,HOM-00507,Home Item 0507,home,46.57,65.53
P00508,OUT-00508,Outdoors Item 0508,outdoors,134.35,237.05
P00509,BEA-00509,Beauty Item 0509,beauty,129.40,232.46
P00510,OFF-00510,Office Item 0510,office,83.50,196.03
P00511,APP-00511,Apparel Item 0511,apparel,53.48,116.19
P00512,ELE-00512,Electronics Item 0512,electronics,160.22,319.07
P00513,HOM-00513,Home Item 0513,home,73.10,128.31
P00514,OUT-00514,Outdoors Item 0514,outdoors,105.87,147.81
P00515,BEA-00515,Beauty Item 0515,beauty,121.96,317.06
P00516,OFF-00516,Office Item 0516,office,129.56,330.39
P00517,APP-00517,Apparel Item 0517,apparel,71.81,165.15
P00518,ELE-00518,Electronics Item 0518,electronics,112.64,222.17
P00519,HOM-00519,Home Item 0519,home,170.78,431.35
P00520,OUT-00520,Outdoors Item 0520,outdoors,150.60,272.59
P00521,BEA-00521,Beauty Item 0521,beauty,32.07,48.25
P00522,OFF-00522,Office Item 0522,office,156.16,390.65
P00523,APP-00523,Apparel Item 0523,apparel,15.81,26.82
P00524,ELE-00524,Electronics Item 0524,electronics,115.35,322.83
P00525,HOM-00525,Home Item 0525,home,132.28,222.39
P00526,OUT-00526,Outdoors Item 0526,outdoors,28.73,47.75
P00527,BEA-00527,Beauty Item 0527,beauty,109.64,295.50
P00528,OFF-00528,Office Item 0528,office,128.96,296.24
P00529,APP-00529,Apparel Item 0529,apparel,105.00,286.46
P00530,ELE-00530,Electronics Item 0530,electronics,7.54,19.31
P00531,HOM-00531,Home Item 0531,home,94.67,190.81
P00532,OUT-00532,Outdoors Item 0532,outdoors,176.28,319.64
P00533,BEA-00533,Beauty Item 0533,beauty,120.69,183.34
P00534,OFF-00534,Office Item 0534,office,94.03,162.03
P00535,APP-00535,Apparel Item 0535,apparel,130.52,324.25
P00536,ELE-00536,Electronics Item 0536,electronics,154.49,432.31
P00537,HOM-00537,Home Item 0537,home,75.58,198.98
P00538,OUT-00538,Outdoors Item 0538,outdoors,154.99,329.03
P00539,BEA-00539,Beauty Item 0539,beauty,179.44,330.01
P00540,OFF-00540,Office Item 0540,office,88.55,226.66
P00541,APP-00541,Apparel Item 0541,apparel,150.36,221.55
P00542,ELE-00542,Electronics Item 0542,electronics,30.83,84.42
P00543,HOM-00543,Home Item 0543,home,143.22,367.23
P00544,OUT-00544,Outdoors Item 0544,outdoors,15.16,24.69
P00545,BEA-00545,Beauty Item 0545,beauty,115.10,201.01
P00546,OFF-00546,Office Item 0546,office,39.85,103.81
P00547,APP-00547,Apparel Item 0547,apparel,16.45,26.84
P00548,ELE-00548,Electronics Item 0548,electronics,63.42,103.26
P00549,HOM-00549,Home Item 0549,home,134.60,237.91
P00550,OUT-00550,Outdoors Item 0550,outdoors,144.36,210.78
P00551,BEA-00551,Beauty Item 0551,beauty,153.21,373.54
P00552,OFF-00552,Office Item 0552,office,83.50,189.20
P00553,APP-00553,Apparel Item 0553,apparel,77.82,214.11
P00554,ELE-00554,Electronics Item 0554,electronics,159.73,416.81
P00555,HOM-00555,Home Item 0555,home,35.91,86.05
P00556,OUT-00556,Outdoors Item 0556,outdoors,46.94,86.18
P00557,BEA-00557,Beauty Item 0557,beauty,125.56,231.49
P00558,OFF-00558,Office Item 0558,office,95.39,147.97
P00559,APP-00559,Apparel Item 0559,apparel,65.24,171.19
P00560,ELE-00560,Electronics Item 0560,electronics,63.83,160.63
P00561,HOM-00561,Home Item 0561,home,172.63,360.23
P00562,OUT-00562,Outdoors Item 0562,outdoors,108.84,236.36
P00563,BEA-00563,Beauty Item 0563,beauty,26.94,66.62
P00564,OFF-00564,Office Item 0564,office,115.09,226.79
P00565,APP-00565,Apparel Item 0565,apparel,153.72,267.95
P00566,ELE-00566,Electronics Item 0566,electronics,20.70,56.97
P00567,HOM-00567,Home Item 0567,home,88.51,230.18
P00568,OUT-00568,Outdoors Item 0568,outdoors,61.92,132.19
P00569,BEA-00569,Beauty Item 0569,beauty,150.01,343.65
P00570,OFF-00570,Office Item 0570,office,131.19,319.08
P00571,APP-00571,Apparel Item 0571,apparel,15.25,24.75
P00572,ELE-00572,Electronics Item 0572,electronics,10.64,23.67
P00573,HOM-00573,Home Item 0573,home,62.35,101.06
P00574,OUT-00574,Outdoors Item 0574,outdoors,152.39,340.30
P00575,BEA-00575,Beauty Item 0575,beauty,4.06,8.88
P00576,OFF-00576,Office Item 0576,office,53.69,132.20
P00577,APP-00577,Apparel Item 0577,apparel,54.70,75.93
P00578,ELE-00578,Electronics Item 0578,electronics,5.61,8.47
P00579,HOM-00579,Home Item 0579,home,135.22,328.48
P00580,OUT-00580,Outdoors Item 0580,outdoors,70.02,185.62
P00581,BEA-00581,Beauty Item 0581,beauty,85.60,203.40
P00582,OFF-00582,Office Item 0582,office,134.64,185.02
P00583,APP-00583,Apparel Item 0583,apparel,62.81,111.97
P00584,ELE-00584,Electronics Item 0584,electronics,7.08,19.03
P00585,HOM-00585,Home Item 0585,home,91.13,183.85
P00586,OUT-00586,Outdoors Item 0586,outdoors,146.06,364.49
P00587,BEA-00587,Beauty Item 0587,beauty,103.67,203.98
P00588,OFF-00588,Office Item 0588,office,52.85,99.09
P00589,APP-00589,Apparel Item 0589,apparel,49.02,125.08
P00590,ELE-00590,Electronics Item 0590,electronics,172.26,242.41
P00591,HOM-00591,Home Item 0591,home,146.23,272.58
P00592,OUT-00592,Outdoors Item 0592,outdoors,5.96,13.39
P00593,BEA-00593,Beauty Item 0593,beauty,56.41,148.07
P00594,OFF-00594,Office Item 0594,office,65.10,96.80
P00595,APP-00595,Apparel Item 0595,apparel,10.66,24.48
P00596,ELE-00596,Electronics Item 0596,electronics,160.55,362.54
P00597,HOM-00597,Home Item 0597,home,176.22,272.49
P00598,OUT-00598,Outdoors Item 0598,outdoors,39.21,86.11
P00599,BEA-00599,Beauty Item 0599,beauty,89.95,170.85
P00600,OFF-00600,Office Item 0600,office,41.84,107.73
P00601,APP-00601,Apparel Item 0601,apparel,99.84,213.00
P00602,ELE-00602,Electronics Item 0602,electronics,43.21,88.92
P00603,HOM-00603,Home Item 0603,home,138.83,217.27
P00604,OUT-00604,Outdoors Item 0604,outdoors,111.84,176.21
P00605,BEA-00605,Beauty Item 0605,beauty,154.24,357.91
P00606,OFF-00606,Office Item 0606,office,23.07,39.50
P00607,APP-00607,Apparel Item 0607,apparel,144.16,297.71
P00608,ELE-00608,Electronics Item 0608,electronics,58.68,143.44
P00609,HOM-00609,Home Item 0609,home,21.37,52.98
P00610,OUT-00610,Outdoors Item 0610,outdoors,68.47,102.36
P00611,BEA-00611,Beauty Item 0611,beauty,15.48,21.73
P00612,OFF-00612,Office Item 0612,office,147.00,379.86
P00613,APP-00613,Apparel Item 0613,apparel,139.36,297.41
P00614,ELE-00614,Electronics Item 0614,electronics,61.63,171.08
P00615,HOM-00615,Home Item 0615,home,47.54,69.18
P00616,OUT-00616,Outdoors Item 0616,outdoors,75.09,202.26
P00617,BEA-00617,Beauty Item 0617,beauty,71.94,108.43
P00618,OFF-00618,Office Item 0618,office,147.94,248.68
P00619,APP-00619,Apparel Item 0619,apparel,136.54,268.03
P00620,ELE-00620,Electronics Item 0620,electronics,54.93,108.77
P00621,HOM-00621,Home Item 0621,home,36.82,92.60
P00622,OUT-00622,Outdoors Item 0622,outdoors,29.49,45.12
P00623,BEA-00623,Beauty Item 0623,beauty,62.95,148.03
P00624,OFF-00624,Office Item 0624,office,78.53,204.87
P00625,APP-00625,Apparel Item 0625,apparel,174.83,456.15
P00626,ELE-00626,Electronics Item 0626,electronics,144.66,390.18
P00627,HOM-00627,Home Item 0627,home,63.85,156.01
P00628,OUT-00628,Outdoors Item 0628,outdoors,173.03,475.90
P00629,BEA-00629,Beauty Item 0629,beauty,106.70,178.92
P00630,OFF-00630,Office Item 0630,office,136.96,223.06
P00631,APP-00631,Apparel Item 0631,apparel,101.07,215.82
P00632,ELE-00632,Electronics Item 0632,electronics,154.62,348.08
P00633,HOM-00633,Home Item 0633,home,23.85,43.98
P00634,OUT-00634,Outdoors Item 0634,outdoors,95.61,137.91
P00635,BEA-00635,Beauty Item 0635,beauty,105.94,230.95
P00636,OFF-00636,Office Item 0636,office,46.34,105.04
P00637,APP-00637,Apparel Item 0637,apparel,143.23,218.74
P00638,ELE-00638,Electronics Item 0638,electronics,129.55,257.54
P00639,HOM-00639,Home Item 0639,home,124.36,264.81
P00640,OUT-00640,Outdoors Item 0640,outdoors,65.42,167.40
P00641,BEA-00641,Beauty Item 0641,beauty,165.34,236.64
P00642,OFF-00642,Office Item 0642,office,143.94,397.25
P00643,APP-00643,Apparel Item 0643,apparel,107.34,257.52
P00644,ELE-00644,Electronics Item 0644,electronics,174.06,354.00
P00645,HOM-00645,Home Item 0645,home,79.20,179.68
P00646,OUT-00646,Outdoors Item 0646,outdoors,56.70,128.30
P00647,BEA-00647,Beauty Item 0647,beauty,149.18,226.95
P00648,OFF-00648,Office Item 0648,office,18.06,28.75
P00649,APP-00649,Apparel Item 0649,apparel,110.22,304.55
P00650,ELE-00650,Electronics Item 0650,electronics,6.90,12.99
P00651,HOM-00651,Home Item 0651,home,33.10,87.54
P00652,OUT-00652,Outdoors Item 0652,outdoors,75.17,119.07
P00653,BEA-00653,Beauty Item 0653,beauty,51.78,122.20
P00654,OFF-00654,Office Item 0654,office,76.97,145.07
P00655,APP-00655,Apparel Item 0655,apparel,76.01,119.78
P00656,ELE-00656,Electronics Item 0656,electronics,149.38,355.68
P00657,HOM-00657,Home Item 0657,home,146.86,373.58
P00658,OUT-00658,Outdoors Item 0658,outdoors,45.16,108.03
P00659,BEA-00659,Beauty Item 0659,beauty,142.38,344.50
P00660,OFF-00660,Office Item 0660,office,28.11,49.60
P00661,APP-00661,Apparel Item 0661,apparel,132.69,277.30
P00662,ELE-00662,Electronics Item 0662,electronics,29.18,62.09
P00663,HOM-00663,Home Item 0663,home,83.29,155.72
P00664,OUT-00664,Outdoors Item 0664,outdoors,166.63,353.56
P00665,BEA-00665,Beauty Item 0665,beauty,50.65,73.32
P00666,OFF-00666,Office Item 0666,office,10.90,24.28
P00667,APP-00667,Apparel Item 0667,apparel,37.89,71.54
P00668,ELE-00668,Electronics Item 0668,electronics,67.43,165.11
P00669,HOM-00669,Home Item 0669,home,24.64,41.33
P00670,OUT-00670,Outdoors Item 0670,outdoors,171.75,381.86
P00671,BEA-00671,Beauty Item 0671,beauty,108.88,262.41
P00672,OFF-00672,Office Item 0672,office,25.05,68.32
P00673,APP-00673,Apparel Item 0673,apparel,86.77,213.67
P00674,ELE-00674,Electronics Item 0674,electronics,65.79,115.01
P00675,HOM-00675,Home Item 0675,home,106.87,277.38
P00676,OUT-00676,Outdoors Item 0676,outdoors,9.11,17.16
P00677,BEA-00677,Beauty Item 0677,beauty,88.91,227.42
P00678,OFF-00678,Office Item 0678,office,57.35,109.86
P00679,APP-00679,Apparel Item 0679,apparel,27.34,69.32
P00680,ELE-00680,Electronics Item 0680,electronics,133.67,368.56
P00681,HOM-00681,Home Item 0681,home,80.83,220.59
P00682,OUT-00682,Outdoors Item 0682,outdoors,170.40,251.92
P00683,BEA-00683,Beauty Item 0683,beauty,61.74,102.04
P00684,OFF-00684,Office Item 0684,office,130.04,266.66
P00685,APP-00685,Apparel Item 0685,apparel,154.69,212.57
P00686,ELE-00686,Electronics Item 0686,electronics,71.53,129.49
P00687,HOM-00687,Home Item 0687,home,42.61,81.33
P00688,OUT-00688,Outdoors Item 0688,outdoors,15.35,24.23
P00689,BEA-00689,Beauty Item 0689,beauty,11.31,16.31
P00690,OFF-00690,Office Item 0690,office,105.98,160.09
P00691,APP-00691,Apparel Item 0691,apparel,44.31,98.47
P00692,ELE-00692,Electronics Item 0692,electronics,131.90,208.49
P00693,HOM-00693,Home Item 0693,home,141.71,218.85
P00694,OUT-00694,Outdoors Item 0694,outdoors,51.89,139.97
P00695,BEA-00695,Beauty Item 0695,beauty,89.91,246.89
P00696,OFF-00696,Office Item 0696,office,25.35,44.08
P00697,APP-00697,Apparel Item 0697,apparel,12.66,19.14
P00698,ELE-00698,Electronics Item 0698,electronics,68.09,180.16
P00699,HOM-00699,Home Item 0699,home,44.15,86.04
P00700,OUT-00700,Outdoors Item 0700,outdoors,35.02,94.20
P00701,BEA-00701,Beauty Item 0701,beauty,35.27,54.20
P00702,OFF-00702,Office Item 0702,office,155.23,219.33
P00703,APP-00703,Apparel Item 0703,apparel,14.44,30.58
P00704,ELE-00704,Electronics Item 0704,electronics,93.71,134.58
P00705,HOM-00705,Home Item 0705,home,161.96,421.41
P00706,OUT-00706,Outdoors Item 0706,outdoors,118.18,308.13
P00707,BEA-00707,Beauty Item 0707,beauty,19.61,46.01
P00708,OFF-00708,Office Item 0708,office,18.17,46.28
P00709,APP-00709,Apparel Item 0709,apparel,69.22,97.62
P00710,ELE-00710,Electronics Item 0710,electronics,175.35,420.59
P00711,HOM-00711,Home Item 0711,home,18.21,29.84
P00712,OUT-00712,Outdoors Item 0712,outdoors,154.33,390.97
P00713,BEA-00713,Beauty Item 0713,beauty,67.84,111.07
P00714,OFF-00714,Office Item 0714,office,11.36,24.68
P00715,APP-00715,Apparel Item 0715,apparel,62.09,106.19
P00716,ELE-00716,Electronics Item 0716,electronics,18.00,26.99
P00717,HOM-00717,Home Item 0717,home,56.09,117.34
P00718,OUT-00718,Outdoors Item 0718,outdoors,131.71,251.06
P00719,BEA-00719,Beauty Item 0719,beauty,121.30,313.53
P00720,OFF-00720,Office Item 0720,office,130.23,205.35
P00721,APP-00721,Apparel Item 0721,apparel,63.46,159.35
P00722,ELE-00722,Electronics Item 0722,electronics,131.19,342.84
P00723,HOM-00723,Home Item 0723,home,110.96,279.45
P00724,OUT-00724,Outdoors Item 0724,outdoors,62.59,97.12
P00725,BEA-00725,Beauty Item 0725,beauty,176.36,299.59
P00726,OFF-00726,Office Item 0726,office,175.07,453.57
P00727,APP-00727,Apparel Item 0727,apparel,88.48,174.37
P00728,ELE-00728,Electronics Item 0728,electronics,114.73,157.88
P00729,HOM-00729,Home Item 0729,home,37.10,59.12
P00730,OUT-00730,Outdoors Item 0730,outdoors,117.88,259.52
P00731,BEA-00731,Beauty Item 0731,beauty,155.50,419.08
P00732,OFF-00732,Office Item 0732,office,159.86,396.69
P00733,APP-00733,Apparel Item 0733,apparel,173.07,476.58
P00734,ELE-00734,Electronics Item 0734,electronics,145.98,211.51
P00735,HOM-00735,Home Item 0735,home,114.43,275.22
P00736,OUT-00736,Outdoors Item 0736,outdoors,117.08,273.68
P00737,BEA-00737,Beauty Item 0737,beauty,20.30,29.34
P00738,OFF-00738,Office Item 0738,office,19.09,32.79
P00739,APP-00739,Apparel Item 0739,apparel,57.18,134.82
P00740,ELE-00740,Electronics Item 0740,electronics,106.54,286.91
P00741,HOM-00741,Home Item 0741,home,137.92,267.26
P00742,OUT-00742,Outdoors Item 0742,outdoors,116.32,168.38
P00743,BEA-00743,Beauty Item 0743,beauty,176.75,307.66
P00744,OFF-00744,Office Item 0744,office,47.63,96.02
P00745,APP-00745,Apparel Item 0745,apparel,13.30,35.00
P00746,ELE-00746,Electronics Item 0746,electronics,81.78,189.90
P00747,HOM-00747,Home Item 0747,home,88.66,156.07
P00748,OUT-00748,Outdoors Item 0748,outdoors,137.60,257.46
P00749,BEA-00749,Beauty Item 0749,beauty,67.44,165.18
P00750,OFF-00750,Office Item 0750,office,22.55,45.70
P00751,APP-00751,Apparel Item 0751,apparel,148.06,291.45
P00752,ELE-00752,Electronics Item 0752,electronics,52.99,79.12
P00753,HOM-00753,Home Item 0753,home,52.90,107.33
P00754,OUT-00754,Outdoors Item 0754,outdoors,156.63,292.30
P00755,BEA-00755,Beauty Item 0755,beauty,102.01,275.85
P00756,OFF-00756,Office Item 0756,office,115.03,219.18
P00757,APP-00757,Apparel Item 0757,apparel,148.82,288.12
P00758,ELE-00758,Electronics Item 0758,electronics,167.05,341.19
P00759,HOM-00759,Home Item 0759,home,92.73,180.24
P00760,OUT-00760,Outdoors Item 0760,outdoors,172.19,354.47
P00761,BEA-00761,Beauty Item 0761,beauty,94.35,152.12
P00762,OFF-00762,Office Item 0762,office,110.69,234.82
P00763,APP-00763,Apparel Item 0763,apparel,32.30,82.81
P00764,ELE-00764,Electronics Item 0764,electronics,109.16,241.50
P00765,HOM-00765,Home Item 0765,home,4.85,7.03
P00766,OUT-00766,Outdoors Item 0766,outdoors,83.90,213.37
P00767,BEA-00767,Beauty Item 0767,beauty,27.38,74.87
P00768,OFF-00768,Office Item 0768,office,67.55,128.68
P00769,APP-00769,Apparel Item 0769,apparel,69.04,127.64
P00770,ELE-00770,Electronics Item 0770,electronics,175.45,369.08
P00771,HOM-00771,Home Item 0771,home,100.17,207.48
P00772,OUT-00772,Outdoors Item 0772,outdoors,136.46,373.26
P00773,BEA-00773,Beauty Item 0773,beauty,18.55,39.88
P00774,OFF-00774,Office Item 0774,office,76.05,165.60
P00775,APP-00775,Apparel Item 0775,apparel,9.98,14.32
P00776,ELE-00776,Electronics Item 0776,electronics,152.70,358.69
P00777,HOM-00777,Home Item 0777,home,162.70,292.32
P00778,OUT-00778,Outdoors Item 0778,outdoors,45.79,112.71
P00779,BEA-00779,Beauty Item 0779,beauty,44.90,110.22
P00780,OFF-00780,Office Item 0780,office,79.62,154.96
P00781,APP-00781,Apparel Item 0781,apparel,68.76,186.34
P00782,ELE-00782,Electronics Item 0782,electronics,118.76,306.97
P00783,HOM-00783,Home Item 0783,home,92.73,140.29
P00784,OUT-00784,Outdoors Item 0784,outdoors,175.61,241.24
P00785,BEA-00785,Beauty Item 0785,beauty,176.20,280.54
P00786,OFF-00786,Office Item 0786,office,6.46,12.85
P00787,APP-00787,Apparel Item 0787,apparel,43.52,121.55
P00788,ELE-00788,Electronics Item 0788,electronics,87.56,161.37
P00789,HOM-00789,Home Item 0789,home,61.04,131.00
P00790,OUT-00790,Outdoors Item 0790,outdoors,93.02,140.98
P00791,BEA-00791,Beauty Item 0791,beauty,157.01,408.10
P00792,OFF-00792,Office Item 0792,office,89.51,223.89
P00793,APP-00793,Apparel Item 0793,apparel,15.80,33.84
P00794,ELE-00794,Electronics Item 0794,electronics,67.11,127.02
P00795,HOM-00795,Home Item 0795,home,167.69,353.71
P00796,OUT-00796,Outdoors Item 0796,outdoors,75.11,124.17
P00797,BEA-00797,Beauty Item 0797,beauty,131.39,244.50
P00798,OFF-00798,Office Item 0798,office,119.64,184.68
P00799,APP-00799,Apparel Item 0799,apparel,127.47,192.47
P00800,ELE-00800,Electronics Item 0800,electronics,129.77,296.06
P00801,HOM-00801,Home Item 0801,home,146.18,202.90
P00802,OUT-00802,Outdoors Item 0802,outdoors,99.26,150.46
P00803,BEA-00803,Beauty Item 0803,beauty,144.81,369.22
P00804,OFF-00804,Office Item 0804,office,64.09,171.67
P00805,APP-00805,Apparel Item 0805,apparel,112.42,293.57
P00806,ELE-00806,Electronics Item 0806,electronics,40.06,72.91
P00807,HOM-00807,Home Item 0807,home,113.69,178.53
P00808,OUT-00808,Outdoors Item 0808,outdoors,66.83,135.50
P00809,BEA-00809,Beauty Item 0809,beauty,106.58,250.81
P00810,OFF-00810,Office Item 0810,office,129.78,244.76
P00811,APP-00811,Apparel Item 0811,apparel,99.85,212.09
P00812,ELE-00812,Electronics Item 0812,electronics,26.22,53.70
P00813,HOM-00813,Home Item 0813,home,176.34,438.01
P00814,OUT-00814,Outdoors Item 0814,outdoors,126.53,251.76
P00815,BEA-00815,Beauty Item 0815,beauty,8.46,20.87
P00816,OFF-00816,Office Item 0816,office,165.48,453.69
P00817,APP-00817,Apparel Item 0817,apparel,131.40,338.00
P00818,ELE-00818,Electronics Item 0818,electronics,63.30,134.13
P00819,HOM-00819,Home Item 0819,home,82.50,185.82
P00820,OUT-00820,Outdoors Item 0820,outdoors,27.63,74.99
P00821,BEA-00821,Beauty Item 0821,beauty,146.27,216.47
P00822,OFF-00822,Office Item 0822,office,42.30,108.53
P00823,APP-00823,Apparel Item 0823,apparel,68.77,136.13
P00824,ELE-00824,Electronics Item 0824,electronics,64.63,152.98
P00825,HOM-00825,Home Item 0825,home,39.26,74.45
P00826,OUT-00826,Outdoors Item 0826,outdoors,88.33,244.85
P00827,BEA-00827,Beauty Item 0827,beauty,156.16,397.36
P00828,OFF-00828,Office Item 0828,office,177.46,372.24
P00829,APP-00829,Apparel Item 0829,apparel,119.67,196.84
P00830,ELE-00830,Electronics Item 0830,electronics,129.02,278.38
P00831,HOM-00831,Home Item 0831,home,102.74,239.23
P00832,OUT-00832,Outdoors Item 0832,outdoors,55.51,138.32
P00833,BEA-00833,Beauty Item 0833,beauty,90.65,229.06
P00834,OFF-00834,Office Item 0834,office,85.58,148.52
P00835,APP-00835,Apparel Item 0835,apparel,160.09,268.87
P00836,ELE-00836,Electronics Item 0836,electronics,68.24,132.97
P00837,HOM-00837,Home Item 0837,home,81.35,219.74
P00838,OUT-00838,Outdoors Item 0838,outdoors,7.41,12.79
P00839,BEA-00839,Beauty Item 0839,beauty,33.25,64.85
P00840,OFF-00840,Office Item 0840,office,78.84,135.75
P00841,APP-00841,Apparel Item 0841,apparel,158.48,340.13
P00842,ELE-00842,Electronics Item 0842,electronics,150.61,365.37
P00843,HOM-00843,Home Item 0843,home,63.78,109.59
P00844,OUT-00844,Outdoors Item 0844,outdoors,147.91,324.51
P00845,BEA-00845,Beauty Item 0845,beauty,151.40,296.47
P00846,OFF-00846,Office Item 0846,office,85.30,223.58
P00847,APP-00847,Apparel Item 0847,apparel,28.22,43.98
P00848,ELE-00848,Electronics Item 0848,electronics,48.65,120.91
P00849,HOM-00849,Home Item 0849,home,8.36,14.62
P00850,OUT-00850,Outdoors Item 0850,outdoors,176.89,413.64
P00851,BEA-00851,Beauty Item 0851,beauty,12.38,20.41
P00852,OFF-00852,Office Item 0852,office,30.59,67.94
P00853,APP-00853,Apparel Item 0853,apparel,116.23,304.89
P00854,ELE-00854,Electronics Item 0854,electronics,178.63,336.37
P00855,HOM-00855,Home Item 0855,home,24.71,68.40
P00856,OUT-00856,Outdoors Item 0856,outdoors,157.31,231.31
P00857,BEA-00857,Beauty Item 0857,beauty,160.99,358.72
P00858,OFF-00858,Office Item 0858,office,165.55,255.76
P00859,APP-00859,Apparel Item 0859,apparel,81.77,227.96
P00860,ELE-00860,Electronics Item 0860,electronics,151.75,390.62
P00861,HOM-00861,Home Item 0861,home,97.50,259.10
P00862,OUT-00862,Outdoors Item 0862,outdoors,179.84,450.31
P00863,BEA-00863,Beauty Item 0863,beauty,130.50,290.40
P00864,OFF-00864,Office Item 0864,office,126.55,352.31
P00865,APP-00865,Apparel Item 0865,apparel,85.59,149.24
P00866,ELE-00866,Electronics Item 0866,electronics,35.19,72.40
P00867,HOM-00867,Home Item 0867,home,115.08,208.23
P00868,OUT-00868,Outdoors Item 0868,outdoors,23.44,33.52
P00869,BEA-00869,Beauty Item 0869,beauty,77.89,128.88
P00870,OFF-00870,Office Item 0870,office,102.37,191.53
P00871,APP-00871,Apparel Item 0871,apparel,12.81,18.88
P00872,ELE-00872,Electronics Item 0872,electronics,140.86,263.61
P00873,HOM-00873,Home Item 0873,home,65.29,133.75
P00874,OUT-00874,Outdoors Item 0874,outdoors,123.22,170.13
P00875,BEA-00875,Beauty Item 0875,beauty,123.09,216.64
P00876,OFF-00876,Office Item 0876,office,94.10,174.24
P00877,APP-00877,Apparel Item 0877,apparel,100.87,257.80
P00878,ELE-00878,Electronics Item 0878,electronics,13.11,24.20
P00879,HOM-00879,Home Item 0879,home,82.01,163.07
P00880,OUT-00880,Outdoors Item 0880,outdoors,24.78,53.69
P00881,BEA-00881,Beauty Item 0881,beauty,171.25,247.50
P00882,OFF-00882,Office Item 0882,office,157.92,437.22
P00883,APP-00883,Apparel Item 0883,apparel,66.76,135.97
P00884,ELE-00884,Electronics Item 0884,electronics,25.46,68.75
P00885,HOM-00885,Home Item 0885,home,45.62,65.23
P00886,OUT-00886,Outdoors Item 0886,outdoors,5.10,12.46
P00887,BEA-00887,Beauty Item 0887,beauty,118.73,227.97
P00888,OFF-00888,Office Item 0888,office,171.46,333.47
P00889,APP-00889,Apparel Item 0889,apparel,109.46,175.27
P00890,ELE-00890,Electronics Item 0890,electronics,108.34,192.37
P00891,HOM-00891,Home Item 0891,home,5.79,8.75
P00892,OUT-00892,Outdoors Item 0892,outdoors,82.19,213.07
P00893,BEA-00893,Beauty Item 0893,beauty,103.41,237.74
P00894,OFF-00894,Office Item 0894,office,71.66,161.09
P00895,APP-00895,Apparel Item 0895,apparel,51.75,142.77
P00896,ELE-00896,Electronics Item 0896,electronics,122.28,249.37
P00897,HOM-00897,Home Item 0897,home,10.57,29.43
P00898,OUT-00898,Outdoors Item 0898,outdoors,59.32,137.56
P00899,BEA-00899,Beauty Item 0899,beauty,98.22,151.19
P00900,OFF-00900,Office Item 0900,office,68.03,128.42
P00901,APP-00901,Apparel Item 0901,apparel,45.96,94.14
P00902,ELE-00902,Electronics Item 0902,electronics,156.92,373.94
P00903,HOM-00903,Home Item 0903,home,89.42,226.50
P00904,OUT-00904,Outdoors Item 0904,outdoors,96.95,235.98
P00905,BEA-00905,Beauty Item 0905,beauty,54.62,134.41
P00906,OFF-00906,Office Item 0906,office,160.95,221.45
P00907,APP-00907,Apparel Item 0907,apparel,77.58,111.50
P00908,ELE-00908,Electronics Item 0908,electronics,55.17,75.97
P00909,HOM-00909,Home Item 0909,home,179.48,374.06
P00910,OUT-00910,Outdoors Item 0910,outdoors,126.35,275.51
P00911,BEA-00911,Beauty Item 0911,beauty,123.80,174.33
P00912,OFF-00912,Office Item 0912,office,156.38,314.19
P00913,APP-00913,Apparel Item 0913,apparel,81.68,180.00
P00914,ELE-00914,Electronics Item 0914,electronics,41.67,74.92
P00915,HOM-00915,Home Item 0915,home,156.74,374.09
P00916,OUT-00916,Outdoors Item 0916,outdoors,25.00,49.07
P00917,BEA-00917,Beauty Item 0917,beauty,107.12,275.59
P00918,OFF-00918,Office Item 0918,office,11.29,28.70
P00919,APP-00919,Apparel Item 0919,apparel,138.26,348.82
P00920,ELE-00920,Electronics Item 0920,electronics,18.39,28.60
P00921,HOM-00921,Home Item 0921,home,33.14,47.25
P00922,OUT-00922,Outdoors Item 0922,outdoors,142.35,243.63
P00923,BEA-00923,Beauty Item 0923,beauty,60.19,126.81
P00924,OFF-00924,Office Item 0924,office,141.66,258.69
P00925,APP-00925,Apparel Item 0925,apparel,65.60,175.88
P00926,ELE-00926,Electronics Item 0926,electronics,19.07,49.04
P00927,HOM-00927,Home Item 0927,home,40.67,102.09
P00928,OUT-00928,Outdoors Item 0928,outdoors,153.58,239.35
P00929,BEA-00929,Beauty Item 0929,beauty,177.79,281.01
P00930,OFF-00930,Office Item 0930,office,143.96,287.41
P00931,APP-00931,Apparel Item 0931,apparel,94.90,203.81
P00932,ELE-00932,Electronics Item 0932,electronics,118.56,304.72
P00933,HOM-00933,Home Item 0933,home,10.55,15.25
P00934,OUT-00934,Outdoors Item 0934,outdoors,86.40,231.88
P00935,BEA-00935,Beauty Item 0935,beauty,54.52,101.94
P00936,OFF-00936,Office Item 0936,office,68.60,185.19
P00937,APP-00937,Apparel Item 0937,apparel,133.04,369.17
P00938,ELE-00938,Electronics Item 0938,electronics,83.09,201.48
P00939,HOM-00939,Home Item 0939,home,116.23,301.99
P00940,OUT-00940,Outdoors Item 0940,outdoors,46.02,85.46
P00941,BEA-00941,Beauty Item 0941,beauty,72.00,188.75
P00942,OFF-00942,Office Item 0942,office,13.12,25.83
P00943,APP-00943,Apparel Item 0943,apparel,89.46,214.80
P00944,ELE-00944,Electronics Item 0944,electronics,33.81,55.75
P00945,HOM-00945,Home Item 0945,home,110.44,265.23
P00946,OUT-00946,Outdoors Item 0946,outdoors,155.10,284.17
P00947,BEA-00947,Beauty Item 0947,beauty,163.73,411.79
P00948,OFF-00948,Office Item 0948,office,64.86,177.49
P00949,APP-00949,Apparel Item 0949,apparel,32.48,57.32
P00950,ELE-00950,Electronics Item 0950,electronics,79.34,165.68
P00951,HOM-00951,Home Item 0951,home,164.91,267.33
P00952,OUT-00952,Outdoors Item 0952,outdoors,140.95,342.52
P00953,BEA-00953,Beauty Item 0953,beauty,144.74,290.14
P00954,OFF-00954,Office Item 0954,office,17.74,27.57
P00955,APP-00955,Apparel Item 0955,apparel,178.00,274.79
P00956,ELE-00956,Electronics Item 0956,electronics,84.49,124.63
P00957,HOM-00957,Home Item 0957,home,7.30,13.99
P00958,OUT-00958,Outdoors Item 0958,outdoors,130.91,289.10
P00959,BEA-00959,Beauty Item 0959,beauty,135.58,257.87
P00960,OFF-00960,Office Item 0960,office,114.52,317.16
P00961,APP-00961,Apparel Item 0961,apparel,109.71,264.49
P00962,ELE-00962,Electronics Item 0962,electronics,122.17,193.90
P00963,HOM-00963,Home Item 0963,home,77.97,211.10
P00964,OUT-00964,Outdoors Item 0964,outdoors,114.81,274.96
P00965,BEA-00965,Beauty Item 0965,beauty,125.69,324.86
P00966,OFF-00966,Office Item 0966,office,174.42,404.81
P00967,APP-00967,Apparel Item 0967,apparel,62.14,173.62
P00968,ELE-00968,Electronics Item 0968,electronics,89.64,152.76
P00969,HOM-00969,Home Item 0969,home,79.75,162.43
P00970,OUT-00970,Outdoors Item 0970,outdoors,164.49,439.86
P00971,BEA-00971,Beauty Item 0971,beauty,136.07,194.31
P00972,OFF-00972,Office Item 0972,office,53.16,144.03
P00973,APP-00973,Apparel Item 0973,apparel,43.49,104.95
P00974,ELE-00974,Electronics Item 0974,electronics,47.60,118.20
P00975,HOM-00975,Home Item 0975,home,95.44,129.23
P00976,OUT-00976,Outdoors Item 0976,outdoors,95.78,179.44
P00977,BEA-00977,Beauty Item 0977,beauty,143.96,200.60
P00978,OFF-00978,Office Item 0978,office,83.02,230.70
P00979,APP-00979,Apparel Item 0979,apparel,111.16,174.35
P00980,ELE-00980,Electronics Item 0980,electronics,98.94,239.71
P00981,HOM-00981,Home Item 0981,home,113.67,264.19
P00982,OUT-00982,Outdoors Item 0982,outdoors,83.63,185.36
P00983,BEA-00983,Beauty Item 0983,beauty,87.31,242.37
P00984,OFF-00984,Office Item 0984,office,17.94,32.16
P00985,APP-00985,Apparel Item 0985,apparel,89.50,188.47
P00986,ELE-00986,Electronics Item 0986,electronics,11.46,31.57
P00987,HOM-00987,Home Item 0987,home,108.42,267.36
P00988,OUT-00988,Outdoors Item 0988,outdoors,43.62,95.58
P00989,BEA-00989,Beauty Item 0989,beauty,155.84,345.33
P00990,OFF-00990,Office Item 0990,office,122.86,252.10
P00991,APP-00991,Apparel Item 0991,apparel,164.63,429.32
P00992,ELE-00992,Electronics Item 0992,electronics,164.13,266.71
P00993,HOM-00993,Home Item 0993,home,84.66,186.37
P00994,OUT-00994,Outdoors Item 0994,outdoors,149.82,358.48
P00995,BEA-00995,Beauty Item 0995,beauty,21.86,48.37
P00996,OFF-00996,Office Item 0996,office,97.36,170.43
P00997,APP-00997,Apparel Item 0997,apparel,117.97,250.73
P00998,ELE-00998,Electronics Item 0998,electronics,19.20,36.34
P00999,HOM-00999,Home Item 0999,home,149.47,357.53
P01000,OUT-01000,Outdoors Item 1000,outdoors,137.41,188.87
P01001,BEA-01001,Beauty Item 1001,beauty,12.03,23.09
P01002,OFF-01002,Office Item 1002,office,75.99,128.64
P01003,APP-01003,Apparel Item 1003,apparel,57.78,100.22
P01004,ELE-01004,Electronics Item 1004,electronics,68.81,121.51
P01005,HOM-01005,Home Item 1005,home,10.90,19.46
P01006,OUT-01006,Outdoors Item 1006,outdoors,172.62,376.55
P01007,BEA-01007,Beauty Item 1007,beauty,141.43,215.33
P01008,OFF-01008,Office Item 1008,office,71.58,98.47
P01009,APP-01009,Apparel Item 1009,apparel,5.21,13.03
P01010,ELE-01010,Electronics Item 1010,electronics,178.40,456.93
P01011,HOM-01011,Home Item 1011,home,106.47,205.89
P01012,OUT-01012,Outdoors Item 1012,outdoors,71.53,151.51
P01013,BEA-01013,Beauty Item 1013,beauty,100.24,214.97
P01014,OFF-01014,Office Item 1014,office,121.91,254.78
P01015,APP-01015,Apparel Item 1015,apparel,40.12,109.79
P01016,ELE-01016,Electronics Item 1016,electronics,52.48,74.10
P01017,HOM-01017,Home Item 1017,home,36.12,68.34
P01018,OUT-01018,Outdoors Item 1018,outdoors,41.16,77.08
P01019,BEA-01019,Beauty Item 1019,beauty,132.86,197.78
P01020,OFF-01020,Office Item 1020,office,125.28,348.57
P01021,APP-01021,Apparel Item 1021,apparel,150.95,387.24
P01022,ELE-01022,Electronics Item 1022,electronics,124.56,290.52
P01023,HOM-01023,Home Item 1023,home,125.32,295.21
P01024,OUT-01024,Outdoors Item 1024,outdoors,36.26,53.02
P01025,BEA-01025,Beauty Item 1025,beauty,161.20,450.37
P01026,OFF-01026,Office Item 1026,office,82.98,206.74
P01027,APP-01027,Apparel Item 1027,apparel,28.16,59.49
P01028,ELE-01028,Electronics Item 1028,electronics,30.44,55.61
P01029,HOM-01029,Home Item 1029,home,89.36,178.58
P01030,OUT-01030,Outdoors Item 1030,outdoors,138.35,320.01
P01031,BEA-01031,Beauty Item 1031,beauty,137.93,287.93
P01032,OFF-01032,Office Item 1032,office,39.80,100.50
P01033,APP-01033,Apparel Item 1033,apparel,171.13,269.13
P01034,ELE-01034,Electronics Item 1034,electronics,41.26,91.66
P01035,HOM-01035,Home Item 1035,home,34.64,90.89
P01036,OUT-01036,Outdoors Item 1036,outdoors,107.21,174.72
P01037,BEA-01037,Beauty Item 1037,beauty,111.90,203.34
P01038,OFF-01038,Office Item 1038,office,124.24,248.70
P01039,APP-01039,Apparel Item 1039,apparel,73.10,172.74
P01040,ELE-01040,Electronics Item 1040,electronics,176.65,332.26
P01041,HOM-01041,Home Item 1041,home,44.83,76.12
P01042,OUT-01042,Outdoors Item 1042,outdoors,122.02,190.52
P01043,BEA-01043,Beauty Item 1043,beauty,162.21,236.85
P01044,OFF-01044,Office Item 1044,office,10.87,16.74
P01045,APP-01045,Apparel Item 1045,apparel,72.19,190.83
P01046,ELE-01046,Electronics Item 1046,electronics,96.70,252.12
P01047,HOM-01047,Home Item 1047,home,103.77,273.01
P01048,OUT-01048,Outdoors Item 1048,outdoors,7.74,16.51
P01049,BEA-01049,Beauty Item 1049,beauty,23.02,62.44
P01050,OFF-01050,Office Item 1050,office,125.63,213.30
P01051,APP-01051,Apparel Item 1051,apparel,159.70,275.70
P01052,ELE-01052,Electronics Item 1052,electronics,144.84,360.93
P01053,HOM-01053,Home Item 1053,home,178.29,330.02
P01054,OUT-01054,Outdoors Item 1054,outdoors,18.23,36.68
P01055,BEA-01055,Beauty Item 1055,beauty,144.01,234.06
P01056,OFF-01056,Office Item 1056,office,22.63,41.27
P01057,APP-01057,Apparel Item 1057,apparel,70.04,173.68
P01058,ELE-01058,Electronics Item 1058,electronics,158.12,366.70
P01059,HOM-01059,Home Item 1059,home,126.69,246.07
P01060,OUT-01060,Outdoors Item 1060,outdoors,57.53,94.55
P01061,BEA-01061,Beauty Item 1061,beauty,128.44,303.21
P01062,OFF-01062,Office Item 1062,office,66.38,169.13
P01063,APP-01063,Apparel Item 1063,apparel,109.71,156.83
P01064,ELE-01064,Electronics Item 1064,electronics,31.91,71.41
P01065,HOM-01065,Home Item 1065,home,34.79,47.83
P01066,OUT-01066,Outdoors Item 1066,outdoors,132.62,196.07
P01067,BEA-01067,Beauty Item 1067,beauty,138.54,327.86
P01068,OFF-01068,Office Item 1068,office,158.93,328.24
P01069,APP-01069,Apparel Item 1069,apparel,169.73,250.24
P01070,ELE-01070,Electronics Item 1070,electronics,122.73,335.15
P01071,HOM-01071,Home Item 1071,home,104.92,155.85
P01072,OUT-01072,Outdoors Item 1072,outdoors,138.17,193.35
P01073,BEA-01073,Beauty Item 1073,beauty,162.87,382.98
P01074,OFF-01074,Office Item 1074,office,160.83,247.66
P01075,APP-01075,Apparel Item 1075,apparel,167.45,258.04
P01076,ELE-01076,Electronics Item 1076,electronics,19.07,37.86
P01077,HOM-01077,Home Item 1077,home,116.50,175.31
P01078,OUT-01078,Outdoors Item 1078,outdoors,92.13,226.20
P01079,BEA-01079,Beauty Item 1079,beauty,161.50,277.50
P01080,OFF-01080,Office Item 1080,office,85.94,233.37
P01081,APP-01081,Apparel Item 1081,apparel,179.69,481.29
P01082,ELE-01082,Electronics Item 1082,electronics,176.93,462.61
P01083,HOM-01083,Home Item 1083,home,21.93,39.37
P01084,OUT-01084,Outdoors Item 1084,outdoors,166.45,364.23
P01085,BEA-01085,Beauty Item 1085,beauty,43.94,78.12
P01086,OFF-01086,Office Item 1086,office,44.91,94.76
P01087,APP-01087,Apparel Item 1087,apparel,95.26,168.19
P01088,ELE-01088,Electronics Item 1088,electronics,51.65,74.38
P01089,HOM-01089,Home Item 1089,home,149.26,206.12
P01090,OUT-01090,Outdoors Item 1090,outdoors,134.07,187.01
P01091,BEA-01091,Beauty Item 1091,beauty,147.81,356.93
P01092,OFF-01092,Office Item 1092,office,75.20,198.28
P01093,APP-01093,Apparel Item 1093,apparel,167.80,433.36
P01094,ELE-01094,Electronics Item 1094,electronics,27.50,68.35
P01095,HOM-01095,Home Item 1095,home,4.02,6.37
P01096,OUT-01096,Outdoors Item 1096,outdoors,122.54,277.53
P01097,BEA-01097,Beauty Item 1097,beauty,173.97,478.52
P01098,OFF-01098,Office Item 1098,office,78.55,165.56
P01099,APP-01099,Apparel Item 1099,apparel,164.37,288.38
P01100,ELE-01100,Electronics Item 1100,electronics,113.41,248.76
P01101,HOM-01101,Home Item 1101,home,72.29,163.01
P01102,OUT-01102,Outdoors Item 1102,outdoors,14.86,36.80
P01103,BEA-01103,Beauty Item 1103,beauty,150.32,290.42
P01104,OFF-01104,Office Item 1104,office,149.10,387.50
P01105,APP-01105,Apparel Item 1105,apparel,178.87,431.81
P01106,ELE-01106,Electronics Item 1106,electronics,167.88,413.99
P01107,HOM-01107,Home Item 1107,home,145.47,227.33
P01108,OUT-01108,Outdoors Item 1108,outdoors,137.79,259.68
P01109,BEA-01109,Beauty Item 1109,beauty,62.06,162.39
P01110,OFF-01110,Office Item 1110,office,50.11,117.46
P01111,APP-01111,Apparel Item 1111,apparel,90.18,157.57
P01112,ELE-01112,Electronics Item 1112,electronics,66.93,99.55
P01113,HOM-01113,Home Item 1113,home,99.77,240.76
P01114,OUT-01114,Outdoors Item 1114,outdoors,113.50,245.32
P01115,BEA-01115,Beauty Item 1115,beauty,14.76,40.09
P01116,OFF-01116,Office Item 1116,office,111.13,247.49
P01117,APP-01117,Apparel Item 1117,apparel,43.87,88.13
P01118,ELE-01118,Electronics Item 1118,electronics,141.51,354.03
P01119,HOM-01119,Home Item 1119,home,179.28,277.53
P01120,OUT-01120,Outdoors Item 1120,outdoors,140.95,217.15
P01121,BEA-01121,Beauty Item 1121,beauty,124.52,298.36
P01122,OFF-01122,Office Item 1122,office,109.61,220.23
P01123,APP-01123,Apparel Item 1123,apparel,175.85,334.69
P01124,ELE-01124,Electronics Item 1124,electronics,157.44,264.19
P01125,HOM-01125,Home Item 1125,home,28.27,72.16
P01126,OUT-01126,Outdoors Item 1126,outdoors,150.57,224.77
P01127,BEA-01127,Beauty Item 1127,beauty,159.35,298.10
P01128,OFF-01128,Office Item 1128,office,15.59,29.39
P01129,APP-01129,Apparel Item 1129,apparel,171.13,259.35
P01130,ELE-01130,Electronics Item 1130,electronics,82.79,190.47
P01131,HOM-01131,Home Item 1131,home,43.66,113.06
P01132,OUT-01132,Outdoors Item 1132,outdoors,115.34,263.10
P01133,BEA-01133,Beauty Item 1133,beauty,58.45,82.81
P01134,OFF-01134,Office Item 1134,office,99.66,242.20
P01135,APP-01135,Apparel Item 1135,apparel,158.86,232.00
P01136,ELE-01136,Electronics Item 1136,electronics,93.67,246.12
P01137,HOM-01137,Home Item 1137,home,116.35,263.21
P01138,OUT-01138,Outdoors Item 1138,outdoors,168.32,383.63
P01139,BEA-01139,Beauty Item 1139,beauty,8.98,23.67
P01140,OFF-01140,Office Item 1140,office,89.58,131.75
P01141,APP-01141,Apparel Item 1141,apparel,70.18,188.55
P01142,ELE-01142,Electronics Item 1142,electronics,112.87,155.36
P01143,HOM-01143,Home Item 1143,home,98.40,229.89
P01144,OUT-01144,Outdoors Item 1144,outdoors,160.64,255.04
P01145,BEA-01145,Beauty Item 1145,beauty,106.23,157.31
P01146,OFF-01146,Office Item 1146,office,8.37,17.65
P01147,APP-01147,Apparel Item 1147,apparel,62.76,143.60
P01148,ELE-01148,Electronics Item 1148,electronics,46.76,124.17
P01149,HOM-01149,Home Item 1149,home,16.00,38.53
P01150,OUT-01150,Outdoors Item 1150,outdoors,173.31,248.46
P01151,BEA-01151,Beauty Item 1151,beauty,92.08,235.41
P01152,OFF-01152,Office Item 1152,office,131.89,357.35
P01153,APP-01153,Apparel Item 1153,apparel,169.03,424.02
P01154,ELE-01154,Electronics Item 1154,electronics,42.46,115.37
P01155,HOM-01155,Home Item 1155,home,74.84,116.44
P01156,OUT-01156,Outdoors Item 1156,outdoors,130.23,306.72
P01157,BEA-01157,Beauty Item 1157,beauty,127.41,229.30
P01158,OFF-01158,Office Item 1158,office,100.12,188.21
P01159,APP-01159,Apparel Item 1159,apparel,134.54,201.26
P01160,ELE-01160,Electronics Item 1160,electronics,165.60,286.06
P01161,HOM-01161,Home Item 1161,home,31.20,82.15
P01162,OUT-01162,Outdoors Item 1162,outdoors,116.35,303.40
P01163,BEA-01163,Beauty Item 1163,beauty,153.79,337.59
P01164,OFF-01164,Office Item 1164,office,148.63,267.49
P01165,APP-01165,Apparel Item 1165,apparel,133.53,340.29
P01166,ELE-01166,Electronics Item 1166,electronics,98.48,182.64
P01167,HOM-01167,Home Item 1167,home,8.50,13.66
P01168,OUT-01168,Outdoors Item 1168,outdoors,16.84,42.48
P01169,BEA-01169,Beauty Item 1169,beauty,39.93,90.97
P01170,OFF-01170,Office Item 1170,office,173.15,333.65
P01171,APP-01171,Apparel Item 1171,apparel,162.39,230.61
P01172,ELE-01172,Electronics Item 1172,electronics,16.66,32.11
P01173,HOM-01173,Home Item 1173,home,123.48,306.58
P01174,OUT-01174,Outdoors Item 1174,outdoors,4.32,9.39
P01175,BEA-01175,Beauty Item 1175,beauty,95.34,235.33
P01176,OFF-01176,Office Item 1176,office,47.86,117.09
P01177,APP-01177,Apparel Item 1177,apparel,146.56,267.86
P01178,ELE-01178,Electronics Item 1178,electronics,25.18,62.99
P01179,HOM-01179,Home Item 1179,home,115.95,260.64
P01180,OUT-01180,Outdoors Item 1180,outdoors,70.46,105.00
P01181,BEA-01181,Beauty Item 1181,beauty,49.53,138.24
P01182,OFF-01182,Office Item 1182,office,74.30,174.61
P01183,APP-01183,Apparel Item 1183,apparel,161.54,320.51
P01184,ELE-01184,Electronics Item 1184,electronics,7.37,20.39
P01185,HOM-01185,Home Item 1185,home,82.37,151.76
P01186,OUT-01186,Outdoors Item 1186,outdoors,166.30,401.44
P01187,BEA-01187,Beauty Item 1187,beauty,166.89,366.72
P01188,OFF-01188,Office Item 1188,office,20.87,39.28
P01189,APP-01189,Apparel Item 1189,apparel,170.32,283.84
P01190,ELE-01190,Electronics Item 1190,electronics,31.19,53.75
P01191,HOM-01191,Home Item 1191,home,89.91,207.91
P01192,OUT-01192,Outdoors Item 1192,outdoors,109.57,290.18
P01193,BEA-01193,Beauty Item 1193,beauty,31.68,52.99
P01194,OFF-01194,Office Item 1194,office,148.99,283.12
P01195,APP-01195,Apparel Item 1195,apparel,150.94,374.19
P01196,ELE-01196,Electronics Item 1196,electronics,26.74,61.24
P01197,HOM-01197,Home Item 1197,home,164.25,415.31
P01198,OUT-01198,Outdoors Item 1198,outdoors,66.68,183.64
P01199,BEA-01199,Beauty Item 1199,beauty,63.67,93.99
P01200,OFF-01200,Office Item 1200,office,72.19,101.13
